"","Acer_gene","List","definition","Reference","Original_Accession"
"1","Acer_g1003","Biomin_Genes","Major yolk protein,major yolk protein-like isoform X2 [Stylophora pistillata]","Drake et al., 2013,Peled et al., 2020","P8_g9654,XP_022786918.1"
"2","Acer_g10189","Biomin_Genes","Flagellar associated protein","Drake et al., 2013","P33_g8985"
"3","Acer_g10277","Biomin_Genes","Annotated: USOMP12,phosphopantothenoylcysteine decarboxylase subunit VHS3-like [Stylophora pistillata]","Mummadisetti et al., 2021,Peled et al., 2020","Gene:g11190,XP_022783323.1"
"4","Acer_g10438","Biomin_Genes","clone g1441 vitellogenin-like protein gene","Drake et al., 2013","P26_g1441"
"5","Acer_g10593","Biomin_Genes","Stylophora pistillata clone g19762 hypothetical protein gene","Drake et al., 2013","P22_g19762"
"6","Acer_g11166","Biomin_Genes","collagenase 3-like [Stylophora pistillata]","Peled et al., 2020","XP_022783952.1"
"7","Acer_g11212","Biomin_Genes","CARP3 [Stylophora pistillata]","Mass et al., 2013","AGE35226.1"
"8","Acer_g11307","Biomin_Genes","endothelin-converting enzyme 1-like isoform X2 [Stylophora pistillata]","Peled et al., 2020","XP_022789591.1"
"9","Acer_g11420","Biomin_Genes","uncharacterized protein LOC111342641 [Stylophora pistillata]","Peled et al., 2020","XP_022805470.1"
"10","Acer_g11746","Biomin_Genes","Proto-oncogene tyrosine-protein kinase receptor Ret, partial [Stylophora pistillata]","Peled et al., 2020","PFX14205.1"
"11","Acer_g11850","Biomin_Genes","anion exchange protein 2-like","Zoccola et al., 2015","XP_022791567.1"
"12","Acer_g13062","Biomin_Genes","clone g1441 vitellogenin-like protein gene","Drake et al., 2013","P26_g1441"
"13","Acer_g13073","Biomin_Genes","Viral inclusion protein","Drake et al., 2013","P4_g9861"
"14","Acer_g14363","Biomin_Genes","MAGUK p55 subfamily member 7-like [Stylophora pistillata]","Peled et al., 2020","XP_022789932.1"
"15","Acer_g14510","Biomin_Genes","solute carrier family 4 member gamma [Stylophora pistillata]","Zoccola et al., 2015","AJQ31790.1"
"16","Acer_g14516","Biomin_Genes","band 3 anion transport protein-like","Zoccola et al., 2015","XP_022788270.1"
"17","Acer_g14998","Biomin_Genes","Acropora yongei Na+/Ca2+ exchanger","Barron et al., 2018","MG182344.1"
"18","Acer_g16012","Biomin_Genes","Mucin4-like protein,Mucin-4 [Stylophora pistillata]","Takeuchi et al., 2016,Peled et al., 2020","aug_v2a.09809.t1,PFX18785.1"
"19","Acer_g16206","Biomin_Genes","mammalian ependymin-related protein 1-like [Stylophora pistillata]","Peled et al., 2020","XP_022794351.1"
"20","Acer_g16379","Biomin_Genes","Annotated: Actin","Mummadisetti et al., 2021","Gene:g9094"
"21","Acer_g16380","Biomin_Genes","Annotated: Actin","Mummadisetti et al., 2021","Gene:g9094"
"22","Acer_g16481","Biomin_Genes","Annotated: Actin","Mummadisetti et al., 2021","Gene:g9094"
"23","Acer_g16482","Biomin_Genes","Annotated: Actin","Mummadisetti et al., 2021","Gene:g9094"
"24","Acer_g16537","Biomin_Genes","Annotated: Actin","Mummadisetti et al., 2021","Gene:g9094"
"25","Acer_g16655","Biomin_Genes","LOW QUALITY PROTEIN: uncharacterized protein LOC111321626 [Stylophora pistillata]","Peled et al., 2020","XP_022780303.1"
"26","Acer_g17039","Biomin_Genes","sodium-independent sulfate anion transporter-like 2C transcript variant X1","Zoccola et al., 2015","XP_022781731.1"
"27","Acer_g17125","Biomin_Genes","Acropora yongei Na+/Ca2+ exchanger","Barron et al., 2018","MG182345.1"
"28","Acer_g17424","Biomin_Genes","sodium bicarbonate cotransporter 3-like isoform X2","Zoccola et al., 2015","XP_022801463.1"
"29","Acer_g17595","Biomin_Genes","Annotated: USOMPS13,Stylophora pistillata clone g11702 hypothetical protein gene","Mummadisetti et al., 2021,Drake et al., 2013","Gene:g30385.t1,P16_g11702"
"30","Acer_g17710","Biomin_Genes","PHD finger protein 21A-like [Stylophora pistillata]","Peled et al., 2020","XP_022790441.1"
"31","Acer_g17888","Biomin_Genes","CARP8","Drake et al., 2013","P2_g11187"
"32","Acer_g17893","Biomin_Genes","Adi-SAARP2,SAARP1,Annotated: CARP4,Skeletal acidic Asp-rich Protein 2 (SAARP2),Skeletal acidic Asp-rich Protein 1 (SAARP 1),Uncharacterized skeletal organic matrix protein-4  (USOMP-4),skeletal aspartic acid-rich protein 2-like (CARP5),skeletal aspartic acid-rich protein 1-like (CARP4)","Takeuchi et al., 2016,Mummadisetti et al., 2021,Ramos-Silva et al., 2013,Peled et al., 2020","aug_v2a.01440.t1(aug_v2a.01441.t1),aug_v2a.11068.t1,Gene:g3745.t1,Gene:g10186,Gene:g14733,JR991407.1,JT001945.1,JT004498.1,XP_022780690.1,XP_022782398.1"
"33","Acer_g17969","Biomin_Genes","CARP9","Drake et al., 2013","P15_g1532"
"34","Acer_g18071","Biomin_Genes","CARP1 [Stylophora pistillata],Annotated: CARP1","Mass et al., 2013,Mummadisetti et al., 2021","AGE35225.2,Gene:g1484"
"35","Acer_g18715","Biomin_Genes","Cephalotoxin-like protein","Ramos-Silva et al., 2013","JR986059.1"
"36","Acer_g18717","Biomin_Genes","Cephalotoxin-like protein","Ramos-Silva et al., 2013","JR986059.1"
"37","Acer_g18736","Biomin_Genes","digestive cysteine proteinase 1-like [Stylophora pistillata]","Peled et al., 2020","XP_022803524.1"
"38","Acer_g19747","Biomin_Genes","Zona pellucida domain-containing protein,Annotated: Zona Pellucida (ZP domain-containing),Acropora millepora clone B26 hypothetical protein p251_4,Zona pellucida,ZP domain-containing protein-like [Stylophora pistillata]","Takeuchi et al., 2016,Mummadisetti et al., 2021,Hayward et al., 2011,Drake et al., 2013,Peled et al., 2020","aug_v2a.07627.t1,Gene:g907,JN631095.1,P21_g18277,XP_022806326.1"
"39","Acer_g20191","Biomin_Genes","deleted in malignant brain tumors 1 protein-like [Stylophora pistillata]","Peled et al., 2020","XP_022803808.1"
"40","Acer_g20772","Biomin_Genes","Protein FAM208A [Stylophora pistillata]","Peled et al., 2020","PFX15740.1"
"41","Acer_g21019","Biomin_Genes","deleted in malignant brain tumors 1 protein-like [Stylophora pistillata]","Peled et al., 2020","XP_022803808.1"
"42","Acer_g21020","Biomin_Genes","deleted in malignant brain tumors 1 protein-like [Stylophora pistillata]","Peled et al., 2020","XP_022803808.1"
"43","Acer_g2115","Biomin_Genes","uncharacterized protein LOC111337489 [Stylophora pistillata]","Peled et al., 2020","XP_022799541.1"
"44","Acer_g21374","Biomin_Genes","uncharacterized protein LOC111323869 [Stylophora pistillata]","Peled et al., 2020","XP_022783044.1"
"45","Acer_g21378","Biomin_Genes","sodium bicarbonate transporter-like protein 11","Zoccola et al., 2015","XP_022783031.1"
"46","Acer_g21503","Biomin_Genes","CUB domain-containing protein-like isoform X2 [Stylophora pistillata]","Peled et al., 2020","XP_022799089.1"
"47","Acer_g21506","Biomin_Genes","CUB domain-containing protein-like isoform X2 [Stylophora pistillata]","Peled et al., 2020","XP_022799089.1"
"48","Acer_g22040","Biomin_Genes","Annotated: Vitellogenin,clone g15888 vitellogenin-like protein gene,vitellogenin-like [Stylophora pistillata]","Mummadisetti et al., 2021,Drake et al., 2013,Peled et al., 2020","Gene:g15294.t1,P24_g15888,XP_022779720.1"
"49","Acer_g22566","Biomin_Genes","Uncharacterized skeletal organic matrix protein-3  (USOMP-3)","Ramos-Silva et al., 2013","JR997000.1"
"50","Acer_g22610","Biomin_Genes","Annotated: Fibronectin,Annotated: Fibronectin (Fibronectin-2)","Mummadisetti et al., 2021","Gene:g22569,Gene:g37058"
"51","Acer_g22611","Biomin_Genes","Annotated: Fibronectin,Annotated: Fibronectin (Fibronectin-2)","Mummadisetti et al., 2021","Gene:g22569,Gene:g37058"
"52","Acer_g23281","Biomin_Genes","Annotated: Thrombospondin-like protein (Thrombospondin),Annotated: Coadhesin,clone g9951 alpha collagen-like protein gene,CARP9,Thrombospondin,Hemicentin,coadhesin-like isoform X3 [Stylophora pistillata]","Mummadisetti et al., 2021,Drake et al., 2013,Peled et al., 2020","Gene:g2829,Gene:g2829.t1,P14_g9951,P15_g1532,P3_g12510,P5_g11674,XP_022783415.1"
"53","Acer_g23365","Biomin_Genes","Annotated: Actin","Mummadisetti et al., 2021","Gene:g9094"
"54","Acer_g23578","Biomin_Genes","L-type calcium channel alpha-1 subunit","Zoccola et al., 1999","AAD11470.1"
"55","Acer_g23710","Biomin_Genes","thioredoxin reductase 1, cytoplasmic-like [Stylophora pistillata]","Peled et al., 2020","XP_022804785.1"
"56","Acer_g23717","Biomin_Genes","SLIT-ROBO Rho GTPase-activating protein 1-like [Stylophora pistillata]","Peled et al., 2020","XP_022806928.1"
"57","Acer_g2941","Biomin_Genes","low-density lipoprotein receptor-related protein 8-like [Stylophora pistillata]","Peled et al., 2020","XP_022798902.1"
"58","Acer_g3197","Biomin_Genes","Protocadherin","Drake et al., 2013","P23_g1057"
"59","Acer_g3199","Biomin_Genes","Protocadherin","Drake et al., 2013","P23_g1057"
"60","Acer_g3227","Biomin_Genes","ras-like protein 3 [Stylophora pistillata]","Peled et al., 2020","XP_022792212.1"
"61","Acer_g3333","Biomin_Genes","sulfate anion transporter 1-like isoform X1","Zoccola et al., 2015","XP_022800339.1"
"62","Acer_g3438","Biomin_Genes","Putative carbonic anhydrase","Ramos-Silva et al., 2013","JR998014.1"
"63","Acer_g3448","Biomin_Genes","Putative carbonic anhydrase","Ramos-Silva et al., 2013","JR998014.1"
"64","Acer_g3690","Biomin_Genes","hypothetical protein AWC38_SpisGene19330 [Stylophora pistillata]","Peled et al., 2020","PFX16398.1"
"65","Acer_g3709","Biomin_Genes","Uncharacterized skeletal organic matrix protein-8 (USOMP-8)","Ramos-Silva et al., 2013","JT014391.1"
"66","Acer_g3710","Biomin_Genes","Uncharacterized skeletal organic matrix protein-8 (USOMP-8)","Ramos-Silva et al., 2013","JT014391.1"
"67","Acer_g3748","Biomin_Genes","cation channel sperm-associated protein subunit beta-like [Stylophora pistillata]","Peled et al., 2020","XP_022784623.1"
"68","Acer_g411","Biomin_Genes","Complement C3 [Stylophora pistillata]","Peled et al., 2020","PFX26597.1"
"69","Acer_g4693","Biomin_Genes","Annotated: Tolloid-Like","Mummadisetti et al., 2021","Gene:g5735.t1"
"70","Acer_g4821","Biomin_Genes","Sushi domain-containing","Drake et al., 2013","P13_g6918"
"71","Acer_g4823","Biomin_Genes","Sushi domain-containing","Drake et al., 2013","P13_g6918"
"72","Acer_g4928","Biomin_Genes","condensin-2 complex subunit D3-like [Stylophora pistillata]","Peled et al., 2020","XP_022807143.1"
"73","Acer_g5637","Biomin_Genes","protein lingerer-like [Stylophora pistillata]","Peled et al., 2020","XP_022806664.1"
"74","Acer_g5731","Biomin_Genes","Annotated: Protoacadherin (PC4),Protocadherin-like,Annotated: Protocadherin (PC2),Annotated: Protocadherin (PC3),Annotated: Cadherin,Annotated: Protocadherin (PC1),Protocadherin fat-like","Drake et al., 2013,Takeuchi et al., 2016,Mummadisetti et al., 2021","AGG36361.1,aug_v2a.19518.t1,Gene:10186,Gene:g10187,Gene:g10188,Gene:g2115,Gene:g2116,Gene:g30,P9_g10811;P1_g11108;P10_g11107"
"75","Acer_g6934","Biomin_Genes","microtubule-associated tumor suppressor 1 homolog isoform X1 [Stylophora pistillata],microtubule-associated tumor suppressor 1 homolog isoform X2 [Stylophora pistillata]","Peled et al., 2020","XP_022809269.1,XP_022809270.1"
"76","Acer_g6978","Biomin_Genes","Hephaestin-like protein,hephaestin-like protein [Stylophora pistillata]","Takeuchi et al., 2016,Peled et al., 2020","aug_v2a.24015.t1,XP_022788227.1"
"77","Acer_g7109","Biomin_Genes","synapsin-2-like isoform X2 [Stylophora pistillata]","Peled et al., 2020","XP_022786582.1"
"78","Acer_g7403","Biomin_Genes","plasma membrane calcium ATPase [Stylophora pistillata]","Zoccola et al., 2004","AAR13013.1"
"79","Acer_g7471","Biomin_Genes","sulfate anion transporter 1-like isoform X1","Zoccola et al., 2015","XP_022800339.1"
"80","Acer_g7497","Biomin_Genes","Annotated: Kielin-Like,Kielin/chordin like","Mummadisetti et al., 2021,Drake et al., 2013","Gene:g39770,P32_g5540"
"81","Acer_g7502","Biomin_Genes","Annotated: Kielin-Like,Kielin/chordin like","Mummadisetti et al., 2021,Drake et al., 2013","Gene:g39770,P32_g5540"
"82","Acer_g759","Biomin_Genes","SAARP3,Acidic SOMP (Full-Length p27),Acidic skeletal organic matrix protein (Acidic SOMP),Integrin - alpha,hypothetical protein AWC38_SpisGene4292 [Stylophora pistillata]","Takeuchi et al., 2016,Mummadisetti et al., 2021,Ramos-Silva et al., 2013,Drake et al., 2013,Peled et al., 2020","aug_v2a.06327.t1,Gene:g13552,JR972076.1,P27_g18472,PFX30903.1"
"83","Acer_g7743","Biomin_Genes","sulfate anion transporter 1-like isoform X1,sulfate anion transporter 1-like isoform X2","Zoccola et al., 2015","XP_022800320.1,XP_022800329.1"
"84","Acer_g7777","Biomin_Genes","Annotated: Protocadherin (PC5)","Mummadisetti et al., 2021","Gene:g24177"
"85","Acer_g8662","Biomin_Genes","EGF and laminin G domain-containing protein,Laminin G domain-containing protein,Annotated: EGF and LamininG-Like (EGF LamG2),Annotated: EGF and LamininG-Like (EGF LamG1),Contactin-associated protein,Neurexin,EGF and laminin G domain-containing protein-like [Stylophora pistillata]","Takeuchi et al., 2016,Mummadisetti et al., 2021,Ramos-Silva et al., 2013,Drake et al., 2013,Peled et al., 2020","aug_v2a.06122.t1,aug_v2a.06123.t1,aug_v2a.15580.t1,aug_v2a.24512.t1,Gene:g34749,Gene:g7086,JR980881.1,P19_g20041,P31_g20420,XP_022804012.1"
"86","Acer_g8663","Biomin_Genes","EGF and laminin G domain-containing protein,Laminin G domain-containing protein,Annotated: EGF and LamininG-Like (EGF LamG2),Annotated: EGF and LamininG-Like (EGF LamG1),Contactin-associated protein,Neurexin,EGF and laminin G domain-containing protein-like [Stylophora pistillata]","Takeuchi et al., 2016,Mummadisetti et al., 2021,Ramos-Silva et al., 2013,Drake et al., 2013,Peled et al., 2020","aug_v2a.06122.t1,aug_v2a.06123.t1,aug_v2a.15580.t1,aug_v2a.24512.t1,Gene:g34749,Gene:g7086,JR980881.1,P19_g20041,P31_g20420,XP_022804012.1"
"87","Acer_g9808","Biomin_Genes","Collagen alpha-1 chain","Ramos-Silva et al., 2013","JR991083.1"
