"","accessionnumber_gene_id","definition","ref","Acer_gene","List"
"1","AAR13013.1","plasma membrane calcium ATPase [Stylophora pistillata]","Zoccola et al., 2004","Acer_g7403.t1","Biomin_Genes"
"2","AAR13013.1","plasma membrane calcium ATPase [Stylophora pistillata]","Zoccola et al., 2004","Acer_g7403.t2","Biomin_Genes"
"3","AGE35225.2","CARP1 [Stylophora pistillata]","Mass et al., 2013","Acer_g18071.t1","Biomin_Genes"
"4","AGG36361.1","Annotated: Protoacadherin (PC4)","Drake et al., 2013","Acer_g5731.t1","Biomin_Genes"
"5","aug_v2a.06327.t1","SAARP3","Takeuchi et al., 2016","Acer_g759.t1","Biomin_Genes"
"6","aug_v2a.19518.t1","Protocadherin-like","Takeuchi et al., 2016","Acer_g5731.t1","Biomin_Genes"
"7","Gene:10186","Annotated: Protocadherin (PC2)","Mummadisetti et al., 2021","Acer_g5731.t1","Biomin_Genes"
"8","Gene:g10187","Annotated: Protocadherin (PC3)","Mummadisetti et al., 2021","Acer_g5731.t1","Biomin_Genes"
"9","Gene:g10188","Annotated: Protocadherin (PC3)","Mummadisetti et al., 2021","Acer_g5731.t1","Biomin_Genes"
"10","Gene:g11190","Annotated: USOMP12","Mummadisetti et al., 2021","Acer_g10277.t1","Biomin_Genes"
"11","Gene:g13552","Acidic SOMP (Full-Length p27)","Mummadisetti et al., 2021","Acer_g759.t1","Biomin_Genes"
"12","Gene:g1484","Annotated: CARP1","Mummadisetti et al., 2021","Acer_g18071.t1","Biomin_Genes"
"13","Gene:g2115","Annotated: Cadherin","Mummadisetti et al., 2021","Acer_g5731.t1","Biomin_Genes"
"14","Gene:g2116","Annotated: Protocadherin (PC1)","Mummadisetti et al., 2021","Acer_g5731.t1","Biomin_Genes"
"15","Gene:g30","Annotated: Protoacadherin (PC4)","Mummadisetti et al., 2021","Acer_g5731.t1","Biomin_Genes"
"16","JR972076.1","Acidic skeletal organic matrix protein (Acidic SOMP)","Ramos-Silva et al., 2013","Acer_g759.t1","Biomin_Genes"
"17","MG182345.1","Acropora yongei Na+/Ca2+ exchanger","Barron et al., 2018","Acer_g17125.t1","Biomin_Genes"
"18","P22_g19762","Stylophora pistillata clone g19762 hypothetical protein gene","Drake et al., 2013","Acer_g10593.t3","Biomin_Genes"
"19","P22_g19762","Stylophora pistillata clone g19762 hypothetical protein gene","Drake et al., 2013","Acer_g10593.t4","Biomin_Genes"
"20","P22_g19762","Stylophora pistillata clone g19762 hypothetical protein gene","Drake et al., 2013","Acer_g10593.t1","Biomin_Genes"
"21","P22_g19762","Stylophora pistillata clone g19762 hypothetical protein gene","Drake et al., 2013","Acer_g10593.t2","Biomin_Genes"
"22","P27_g18472","Integrin - alpha","Drake et al., 2013","Acer_g759.t1","Biomin_Genes"
"23","P8_g9654","Major yolk protein","Drake et al., 2013","Acer_g1003.t1","Biomin_Genes"
"24","P9_g10811;P1_g11108;P10_g11107","Protocadherin fat-like","Drake et al., 2013","Acer_g5731.t1","Biomin_Genes"
"25","PFX27832.1","Poly [ADP-ribose] polymerase 11 [Stylophora pistillata]","Peled et al., 2020","Acer_g15613.t1","Biomin_Genes"
"26","PFX27832.1","Poly [ADP-ribose] polymerase 11 [Stylophora pistillata]","Peled et al., 2020","Acer_g20292.t1","Biomin_Genes"
"27","PFX27832.1","Poly [ADP-ribose] polymerase 11 [Stylophora pistillata]","Peled et al., 2020","Acer_g17158.t1","Biomin_Genes"
"28","PFX30903.1","hypothetical protein AWC38_SpisGene4292 [Stylophora pistillata]","Peled et al., 2020","Acer_g759.t1","Biomin_Genes"
"29","XP_022783323.1","phosphopantothenoylcysteine decarboxylase subunit VHS3-like [Stylophora pistillata]","Peled et al., 2020","Acer_g10277.t1","Biomin_Genes"
"30","XP_022783952.1","collagenase 3-like [Stylophora pistillata]","Peled et al., 2020","Acer_g11166.t1","Biomin_Genes"
"31","XP_022783952.1","collagenase 3-like [Stylophora pistillata]","Peled et al., 2020","Acer_g11166.t2","Biomin_Genes"
"32","XP_022784623.1","cation channel sperm-associated protein subunit beta-like [Stylophora pistillata]","Peled et al., 2020","Acer_g3748.t1","Biomin_Genes"
"33","XP_022784623.1","cation channel sperm-associated protein subunit beta-like [Stylophora pistillata]","Peled et al., 2020","Acer_g3748.t2","Biomin_Genes"
"34","XP_022786582.1","synapsin-2-like isoform X2 [Stylophora pistillata]","Peled et al., 2020","Acer_g7109.t1","Biomin_Genes"
"35","XP_022786918.1","major yolk protein-like isoform X2 [Stylophora pistillata]","Peled et al., 2020","Acer_g1003.t1","Biomin_Genes"
"36","AAD11470.1","L-type calcium channel alpha-1 subunit","Zoccola et al., 1999","Acer_g23578.t2","Biomin_Genes"
"37","AAD11470.1","L-type calcium channel alpha-1 subunit","Zoccola et al., 1999","Acer_g23578.t1","Biomin_Genes"
"38","AGE35226.1","CARP3 [Stylophora pistillata]","Mass et al., 2013","Acer_g11212.t1","Biomin_Genes"
"39","AJQ31790.1","solute carrier family 4 member gamma [Stylophora pistillata]","Zoccola et al., 2015","Acer_g14510.t1","Biomin_Genes"
"40","aug_v2a.00002.t1","EP-like 2","Takeuchi et al., 2016","Acer_g21933.t1","Biomin_Genes"
"41","aug_v2a.00002.t1","EP-like 2","Takeuchi et al., 2016","Acer_g19976.t1","Biomin_Genes"
"42","aug_v2a.00002.t1","EP-like 2","Takeuchi et al., 2016","Acer_g19976.t2","Biomin_Genes"
"43","aug_v2a.00002.t1","EP-like 2","Takeuchi et al., 2016","Acer_g21932.t1","Biomin_Genes"
"44","aug_v2a.00002.t1","EP-like 2","Takeuchi et al., 2016","Acer_g21932.t2","Biomin_Genes"
"45","aug_v2a.00002.t1","EP-like 2","Takeuchi et al., 2016","Acer_g21932.t3","Biomin_Genes"
"46","aug_v2a.00002.t1","EP-like 2","Takeuchi et al., 2016","Acer_g21932.t4","Biomin_Genes"
"47","aug_v2a.01440.t1(aug_v2a.01441.t1)","Adi-SAARP2","Takeuchi et al., 2016","Acer_g17968.t2","Biomin_Genes"
"48","aug_v2a.01440.t1(aug_v2a.01441.t1)","Adi-SAARP2","Takeuchi et al., 2016","Acer_g17968.t1","Biomin_Genes"
"49","aug_v2a.06122.t1","EGF and laminin G domain-containing protein","Takeuchi et al., 2016","Acer_g8662.t1","Biomin_Genes"
"50","aug_v2a.06122.t1","EGF and laminin G domain-containing protein","Takeuchi et al., 2016","Acer_g8663.t1","Biomin_Genes"
"51","aug_v2a.06122.t1","EGF and laminin G domain-containing protein","Takeuchi et al., 2016","Acer_g8663.t2","Biomin_Genes"
"52","aug_v2a.06123.t1","EGF and laminin G domain-containing protein","Takeuchi et al., 2016","Acer_g8662.t1","Biomin_Genes"
"53","aug_v2a.06123.t1","EGF and laminin G domain-containing protein","Takeuchi et al., 2016","Acer_g8663.t1","Biomin_Genes"
"54","aug_v2a.06123.t1","EGF and laminin G domain-containing protein","Takeuchi et al., 2016","Acer_g8663.t2","Biomin_Genes"
"55","aug_v2a.07627.t1","Zona pellucida domain-containing protein","Takeuchi et al., 2016","Acer_g19747.t1","Biomin_Genes"
"56","aug_v2a.09809.t1","Mucin4-like protein","Takeuchi et al., 2016","Acer_g16012.t1","Biomin_Genes"
"57","aug_v2a.09809.t1","Mucin4-like protein","Takeuchi et al., 2016","Acer_g16012.t2","Biomin_Genes"
"58","aug_v2a.09809.t1","Mucin4-like protein","Takeuchi et al., 2016","Acer_g16012.t3","Biomin_Genes"
"59","aug_v2a.09809.t1","Mucin4-like protein","Takeuchi et al., 2016","Acer_g16012.t4","Biomin_Genes"
"60","aug_v2a.15580.t1","Laminin G domain-containing protein","Takeuchi et al., 2016","Acer_g8662.t1","Biomin_Genes"
"61","aug_v2a.15580.t1","Laminin G domain-containing protein","Takeuchi et al., 2016","Acer_g8663.t1","Biomin_Genes"
"62","aug_v2a.15580.t1","Laminin G domain-containing protein","Takeuchi et al., 2016","Acer_g8663.t2","Biomin_Genes"
"63","aug_v2a.22918.t1","EP-like1","Takeuchi et al., 2016","Acer_g21933.t1","Biomin_Genes"
"64","aug_v2a.22918.t1","EP-like1","Takeuchi et al., 2016","Acer_g19976.t1","Biomin_Genes"
"65","aug_v2a.22918.t1","EP-like1","Takeuchi et al., 2016","Acer_g19976.t2","Biomin_Genes"
"66","aug_v2a.22918.t1","EP-like1","Takeuchi et al., 2016","Acer_g21932.t1","Biomin_Genes"
"67","aug_v2a.22918.t1","EP-like1","Takeuchi et al., 2016","Acer_g21932.t2","Biomin_Genes"
"68","aug_v2a.22918.t1","EP-like1","Takeuchi et al., 2016","Acer_g21932.t3","Biomin_Genes"
"69","aug_v2a.22918.t1","EP-like1","Takeuchi et al., 2016","Acer_g21932.t4","Biomin_Genes"
"70","aug_v2a.24015.t1","Hephaestin-like protein","Takeuchi et al., 2016","Acer_g6978.t1","Biomin_Genes"
"71","aug_v2a.24512.t1","EGF and laminin G domain-containing protein","Takeuchi et al., 2016","Acer_g8662.t1","Biomin_Genes"
"72","aug_v2a.24512.t1","EGF and laminin G domain-containing protein","Takeuchi et al., 2016","Acer_g8663.t1","Biomin_Genes"
"73","aug_v2a.24512.t1","EGF and laminin G domain-containing protein","Takeuchi et al., 2016","Acer_g8663.t2","Biomin_Genes"
"74","Gene:g15294.t1","Annotated: Vitellogenin","Mummadisetti et al., 2021","Acer_g22040.t1","Biomin_Genes"
"75","Gene:g15294.t1","Annotated: Vitellogenin","Mummadisetti et al., 2021","Acer_g22040.t2","Biomin_Genes"
"76","Gene:g24177","Annotated: Protocadherin (PC5)","Mummadisetti et al., 2021","Acer_g7777.t1","Biomin_Genes"
"77","Gene:g2829","Annotated: Thrombospondin-like protein (Thrombospondin)","Mummadisetti et al., 2021","Acer_g23281.t1","Biomin_Genes"
"78","Gene:g2829","Annotated: Thrombospondin-like protein (Thrombospondin)","Mummadisetti et al., 2021","Acer_g23281.t2","Biomin_Genes"
"79","Gene:g2829.t1","Annotated: Coadhesin","Mummadisetti et al., 2021","Acer_g23281.t1","Biomin_Genes"
"80","Gene:g2829.t1","Annotated: Coadhesin","Mummadisetti et al., 2021","Acer_g23281.t2","Biomin_Genes"
"81","Gene:g30385.t1","Annotated: USOMPS13","Mummadisetti et al., 2021","Acer_g17595.t1","Biomin_Genes"
"82","Gene:g34749","Annotated: EGF and LamininG-Like (EGF LamG2)","Mummadisetti et al., 2021","Acer_g8662.t1","Biomin_Genes"
"83","Gene:g34749","Annotated: EGF and LamininG-Like (EGF LamG2)","Mummadisetti et al., 2021","Acer_g8663.t1","Biomin_Genes"
"84","Gene:g34749","Annotated: EGF and LamininG-Like (EGF LamG2)","Mummadisetti et al., 2021","Acer_g8663.t2","Biomin_Genes"
"85","Gene:g38881","Annotated: Uncharacterized protein (USOMP14)","Mummadisetti et al., 2021","Acer_g23332.t1","Biomin_Genes"
"86","Gene:g38881","Annotated: Uncharacterized protein (USOMP14)","Mummadisetti et al., 2021","Acer_g23333.t1","Biomin_Genes"
"87","Gene:g38881","Annotated: Uncharacterized protein (USOMP14)","Mummadisetti et al., 2021","Acer_g23334.t1","Biomin_Genes"
"88","Gene:g38881","Annotated: Uncharacterized protein (USOMP14)","Mummadisetti et al., 2021","Acer_g23335.t1","Biomin_Genes"
"89","Gene:g38881","Annotated: Uncharacterized protein (USOMP14)","Mummadisetti et al., 2021","Acer_g23342.t1","Biomin_Genes"
"90","Gene:g38881","Annotated: Uncharacterized protein (USOMP14)","Mummadisetti et al., 2021","Acer_g23390.t1","Biomin_Genes"
"91","Gene:g38881","Annotated: Uncharacterized protein (USOMP14)","Mummadisetti et al., 2021","Acer_g23339.t1","Biomin_Genes"
"92","Gene:g38881","Annotated: Uncharacterized protein (USOMP14)","Mummadisetti et al., 2021","Acer_g23329.t1","Biomin_Genes"
"93","Gene:g38881","Annotated: Uncharacterized protein (USOMP14)","Mummadisetti et al., 2021","Acer_g2.t1","Biomin_Genes"
"94","Gene:g38881","Annotated: Uncharacterized protein (USOMP14)","Mummadisetti et al., 2021","Acer_g23331.t1","Biomin_Genes"
"95","Gene:g38881","Annotated: Uncharacterized protein (USOMP14)","Mummadisetti et al., 2021","Acer_g14234.t1","Biomin_Genes"
"96","Gene:g39770","Annotated: Kielin-Like","Mummadisetti et al., 2021","Acer_g7497.t1","Biomin_Genes"
"97","Gene:g39770","Annotated: Kielin-Like","Mummadisetti et al., 2021","Acer_g7497.t2","Biomin_Genes"
"98","Gene:g39770","Annotated: Kielin-Like","Mummadisetti et al., 2021","Acer_g7502.t1","Biomin_Genes"
"99","Gene:g7086","Annotated: EGF and LamininG-Like (EGF LamG1)","Mummadisetti et al., 2021","Acer_g8662.t1","Biomin_Genes"
"100","Gene:g7086","Annotated: EGF and LamininG-Like (EGF LamG1)","Mummadisetti et al., 2021","Acer_g8663.t1","Biomin_Genes"
"101","Gene:g7086","Annotated: EGF and LamininG-Like (EGF LamG1)","Mummadisetti et al., 2021","Acer_g8663.t2","Biomin_Genes"
"102","Gene:g907","Annotated: Zona Pellucida (ZP domain-containing)","Mummadisetti et al., 2021","Acer_g19747.t1","Biomin_Genes"
"103","Gene:g9094","Annotated: Actin","Mummadisetti et al., 2021","Acer_g16379.t1","Biomin_Genes"
"104","Gene:g9094","Annotated: Actin","Mummadisetti et al., 2021","Acer_g16380.t1","Biomin_Genes"
"105","Gene:g9094","Annotated: Actin","Mummadisetti et al., 2021","Acer_g23365.t1","Biomin_Genes"
"106","Gene:g9094","Annotated: Actin","Mummadisetti et al., 2021","Acer_g16481.t1","Biomin_Genes"
"107","Gene:g9094","Annotated: Actin","Mummadisetti et al., 2021","Acer_g16482.t1","Biomin_Genes"
"108","Gene:g9094","Annotated: Actin","Mummadisetti et al., 2021","Acer_g16537.t1","Biomin_Genes"
"109","JN631095.1","Acropora millepora clone B26 hypothetical protein p251_4","Hayward et al., 2011","Acer_g19747.t1","Biomin_Genes"
"110","JR973117.1","Uncharacterized skeletal organic matrix protein-5 (USOMP-5)","Ramos-Silva et al., 2013","Acer_g21933.t1","Biomin_Genes"
"111","JR973117.1","Uncharacterized skeletal organic matrix protein-5 (USOMP-5)","Ramos-Silva et al., 2013","Acer_g19976.t1","Biomin_Genes"
"112","JR973117.1","Uncharacterized skeletal organic matrix protein-5 (USOMP-5)","Ramos-Silva et al., 2013","Acer_g19976.t2","Biomin_Genes"
"113","JR973117.1","Uncharacterized skeletal organic matrix protein-5 (USOMP-5)","Ramos-Silva et al., 2013","Acer_g21932.t1","Biomin_Genes"
"114","JR973117.1","Uncharacterized skeletal organic matrix protein-5 (USOMP-5)","Ramos-Silva et al., 2013","Acer_g21932.t2","Biomin_Genes"
"115","JR973117.1","Uncharacterized skeletal organic matrix protein-5 (USOMP-5)","Ramos-Silva et al., 2013","Acer_g21932.t3","Biomin_Genes"
"116","JR973117.1","Uncharacterized skeletal organic matrix protein-5 (USOMP-5)","Ramos-Silva et al., 2013","Acer_g21932.t4","Biomin_Genes"
"117","JR980881.1","EGF and laminin G domain-containing protein","Ramos-Silva et al., 2013","Acer_g8662.t1","Biomin_Genes"
"118","JR980881.1","EGF and laminin G domain-containing protein","Ramos-Silva et al., 2013","Acer_g8663.t1","Biomin_Genes"
"119","JR980881.1","EGF and laminin G domain-containing protein","Ramos-Silva et al., 2013","Acer_g8663.t2","Biomin_Genes"
"120","JR986059.1","Cephalotoxin-like protein","Ramos-Silva et al., 2013","Acer_g18715.t1","Biomin_Genes"
"121","JR986059.1","Cephalotoxin-like protein","Ramos-Silva et al., 2013","Acer_g18717.t1","Biomin_Genes"
"122","JR991083.1","Collagen alpha-1 chain","Ramos-Silva et al., 2013","Acer_g9808.t1","Biomin_Genes"
"123","JR991407.1","Skeletal acidic Asp-rich Protein 2 (SAARP2)","Ramos-Silva et al., 2013","Acer_g17968.t2","Biomin_Genes"
"124","JR991407.1","Skeletal acidic Asp-rich Protein 2 (SAARP2)","Ramos-Silva et al., 2013","Acer_g17968.t1","Biomin_Genes"
"125","JR997000.1","Uncharacterized skeletal organic matrix protein-3  (USOMP-3)","Ramos-Silva et al., 2013","Acer_g22566.t1","Biomin_Genes"
"126","JR997000.1","Uncharacterized skeletal organic matrix protein-3  (USOMP-3)","Ramos-Silva et al., 2013","Acer_g22566.t2","Biomin_Genes"
"127","JR998014.1","Putative carbonic anhydrase","Ramos-Silva et al., 2013","Acer_g3438.t1","Biomin_Genes"
"128","JR998014.1","Putative carbonic anhydrase","Ramos-Silva et al., 2013","Acer_g3448.t1","Biomin_Genes"
"129","JR998260.1","Uncharacterized skeletal organic matrix protein-7 (USOMP7)","Ramos-Silva et al., 2013","Acer_g6369.t2","Biomin_Genes"
"130","JR998260.1","Uncharacterized skeletal organic matrix protein-7 (USOMP7)","Ramos-Silva et al., 2013","Acer_g6369.t1","Biomin_Genes"
"131","JT004498.1","Uncharacterized skeletal organic matrix protein-4  (USOMP-4)","Ramos-Silva et al., 2013","Acer_g17968.t2","Biomin_Genes"
"132","JT004498.1","Uncharacterized skeletal organic matrix protein-4  (USOMP-4)","Ramos-Silva et al., 2013","Acer_g17968.t1","Biomin_Genes"
"133","JT014391.1","Uncharacterized skeletal organic matrix protein-8 (USOMP-8)","Ramos-Silva et al., 2013","Acer_g3709.t1","Biomin_Genes"
"134","JT014391.1","Uncharacterized skeletal organic matrix protein-8 (USOMP-8)","Ramos-Silva et al., 2013","Acer_g3710.t1","Biomin_Genes"
"135","MG182344.1","Acropora yongei Na+/Ca2+ exchanger","Barron et al., 2018","Acer_g14998.t1","Biomin_Genes"
"136","P13_g6918","Sushi domain-containing","Drake et al., 2013","Acer_g4823.t1","Biomin_Genes"
"137","P13_g6918","Sushi domain-containing","Drake et al., 2013","Acer_g4821.t1","Biomin_Genes"
"138","P13_g6918","Sushi domain-containing","Drake et al., 2013","Acer_g4821.t2","Biomin_Genes"
"139","P14_g9951","clone g9951 alpha collagen-like protein gene","Drake et al., 2013","Acer_g23281.t1","Biomin_Genes"
"140","P14_g9951","clone g9951 alpha collagen-like protein gene","Drake et al., 2013","Acer_g23281.t2","Biomin_Genes"
"141","P15_g1532","CARP9","Drake et al., 2013","Acer_g17969.t1","Biomin_Genes"
"142","P15_g1532","CARP9","Drake et al., 2013","Acer_g17969.t2","Biomin_Genes"
"143","P15_g1532","CARP9","Drake et al., 2013","Acer_g23281.t1","Biomin_Genes"
"144","P15_g1532","CARP9","Drake et al., 2013","Acer_g23281.t2","Biomin_Genes"
"145","P16_g11702","Stylophora pistillata clone g11702 hypothetical protein gene","Drake et al., 2013","Acer_g17595.t1","Biomin_Genes"
"146","P19_g20041","Contactin-associated protein","Drake et al., 2013","Acer_g8662.t1","Biomin_Genes"
"147","P19_g20041","Contactin-associated protein","Drake et al., 2013","Acer_g8663.t1","Biomin_Genes"
"148","P19_g20041","Contactin-associated protein","Drake et al., 2013","Acer_g8663.t2","Biomin_Genes"
"149","P2_g11187","CARP8","Drake et al., 2013","Acer_g17888.t1","Biomin_Genes"
"150","P2_g11187","CARP8","Drake et al., 2013","Acer_g17888.t2","Biomin_Genes"
"151","P21_g18277","Zona pellucida","Drake et al., 2013","Acer_g19747.t1","Biomin_Genes"
"152","P23_g1057","Protocadherin","Drake et al., 2013","Acer_g3197.t1","Biomin_Genes"
"153","P23_g1057","Protocadherin","Drake et al., 2013","Acer_g3197.t2","Biomin_Genes"
"154","P23_g1057","Protocadherin","Drake et al., 2013","Acer_g3197.t3","Biomin_Genes"
"155","P23_g1057","Protocadherin","Drake et al., 2013","Acer_g3199.t1","Biomin_Genes"
"156","P24_g15888","clone g15888 vitellogenin-like protein gene","Drake et al., 2013","Acer_g22040.t1","Biomin_Genes"
"157","P24_g15888","clone g15888 vitellogenin-like protein gene","Drake et al., 2013","Acer_g22040.t2","Biomin_Genes"
"158","P26_g1441","clone g1441 vitellogenin-like protein gene","Drake et al., 2013","Acer_g10438.t1","Biomin_Genes"
"159","P26_g1441","clone g1441 vitellogenin-like protein gene","Drake et al., 2013","Acer_g13062.t2","Biomin_Genes"
"160","P26_g1441","clone g1441 vitellogenin-like protein gene","Drake et al., 2013","Acer_g13062.t1","Biomin_Genes"
"161","P3_g12510","Thrombospondin","Drake et al., 2013","Acer_g23281.t1","Biomin_Genes"
"162","P3_g12510","Thrombospondin","Drake et al., 2013","Acer_g23281.t2","Biomin_Genes"
"163","P31_g20420","Neurexin","Drake et al., 2013","Acer_g8662.t1","Biomin_Genes"
"164","P31_g20420","Neurexin","Drake et al., 2013","Acer_g8663.t1","Biomin_Genes"
"165","P31_g20420","Neurexin","Drake et al., 2013","Acer_g8663.t2","Biomin_Genes"
"166","P32_g5540","Kielin/chordin like","Drake et al., 2013","Acer_g7497.t1","Biomin_Genes"
"167","P32_g5540","Kielin/chordin like","Drake et al., 2013","Acer_g7497.t2","Biomin_Genes"
"168","P32_g5540","Kielin/chordin like","Drake et al., 2013","Acer_g7502.t1","Biomin_Genes"
"169","P33_g8985","Flagellar associated protein","Drake et al., 2013","Acer_g10189.t1","Biomin_Genes"
"170","P4_g9861","Viral inclusion protein","Drake et al., 2013","Acer_g13073.t1","Biomin_Genes"
"171","P5_g11674","Hemicentin","Drake et al., 2013","Acer_g23281.t1","Biomin_Genes"
"172","P5_g11674","Hemicentin","Drake et al., 2013","Acer_g23281.t2","Biomin_Genes"
"173","PFX14205.1","Proto-oncogene tyrosine-protein kinase receptor Ret, partial [Stylophora pistillata]","Peled et al., 2020","Acer_g11746.t1","Biomin_Genes"
"174","PFX14205.1","Proto-oncogene tyrosine-protein kinase receptor Ret, partial [Stylophora pistillata]","Peled et al., 2020","Acer_g11746.t2","Biomin_Genes"
"175","PFX14205.1","Proto-oncogene tyrosine-protein kinase receptor Ret, partial [Stylophora pistillata]","Peled et al., 2020","Acer_g11746.t3","Biomin_Genes"
"176","PFX15740.1","Protein FAM208A [Stylophora pistillata]","Peled et al., 2020","Acer_g20772.t1","Biomin_Genes"
"177","PFX16398.1","hypothetical protein AWC38_SpisGene19330 [Stylophora pistillata]","Peled et al., 2020","Acer_g3690.t1","Biomin_Genes"
"178","PFX18785.1","Mucin-4 [Stylophora pistillata]","Peled et al., 2020","Acer_g16012.t1","Biomin_Genes"
"179","PFX18785.1","Mucin-4 [Stylophora pistillata]","Peled et al., 2020","Acer_g16012.t2","Biomin_Genes"
"180","PFX18785.1","Mucin-4 [Stylophora pistillata]","Peled et al., 2020","Acer_g16012.t3","Biomin_Genes"
"181","PFX18785.1","Mucin-4 [Stylophora pistillata]","Peled et al., 2020","Acer_g16012.t4","Biomin_Genes"
"182","PFX26597.1","Complement C3 [Stylophora pistillata]","Peled et al., 2020","Acer_g411.t1","Biomin_Genes"
"183","PFX26597.1","Complement C3 [Stylophora pistillata]","Peled et al., 2020","Acer_g411.t2","Biomin_Genes"
"184","XP_022779720.1","vitellogenin-like [Stylophora pistillata]","Peled et al., 2020","Acer_g22040.t1","Biomin_Genes"
"185","XP_022779720.1","vitellogenin-like [Stylophora pistillata]","Peled et al., 2020","Acer_g22040.t2","Biomin_Genes"
"186","XP_022780690.1","skeletal aspartic acid-rich protein 2-like (CARP5)","Peled et al., 2020","Acer_g17968.t2","Biomin_Genes"
"187","XP_022780690.1","skeletal aspartic acid-rich protein 2-like (CARP5)","Peled et al., 2020","Acer_g17968.t1","Biomin_Genes"
"188","XP_022781731.1","sodium-independent sulfate anion transporter-like 2C transcript variant X1","Zoccola et al., 2015","Acer_g17039.t1","Biomin_Genes"
"189","XP_022781731.1","sodium-independent sulfate anion transporter-like 2C transcript variant X1","Zoccola et al., 2015","Acer_g17039.t2","Biomin_Genes"
"190","XP_022781731.1","sodium-independent sulfate anion transporter-like 2C transcript variant X1","Zoccola et al., 2015","Acer_g17038.t1","Biomin_Genes"
"191","XP_022783031.1","sodium bicarbonate transporter-like protein 11","Zoccola et al., 2015","Acer_g21378.t1","Biomin_Genes"
"192","XP_022783031.1","sodium bicarbonate transporter-like protein 11","Zoccola et al., 2015","Acer_g21378.t2","Biomin_Genes"
"193","XP_022783044.1","uncharacterized protein LOC111323869 [Stylophora pistillata]","Peled et al., 2020","Acer_g21374.t1","Biomin_Genes"
"194","XP_022783415.1","coadhesin-like isoform X3 [Stylophora pistillata]","Peled et al., 2020","Acer_g23281.t1","Biomin_Genes"
"195","XP_022783415.1","coadhesin-like isoform X3 [Stylophora pistillata]","Peled et al., 2020","Acer_g23281.t2","Biomin_Genes"
"196","XP_022788227.1","hephaestin-like protein [Stylophora pistillata]","Peled et al., 2020","Acer_g6978.t1","Biomin_Genes"
"197","XP_022788270.1","band 3 anion transport protein-like","Zoccola et al., 2015","Acer_g14516.t1","Biomin_Genes"
"198","XP_022789591.1","endothelin-converting enzyme 1-like isoform X2 [Stylophora pistillata]","Peled et al., 2020","Acer_g11307.t1","Biomin_Genes"
"199","XP_022789932.1","MAGUK p55 subfamily member 7-like [Stylophora pistillata]","Peled et al., 2020","Acer_g14363.t1","Biomin_Genes"
"200","XP_022790441.1","PHD finger protein 21A-like [Stylophora pistillata]","Peled et al., 2020","Acer_g17710.t1","Biomin_Genes"
"201","XP_022791567.1","anion exchange protein 2-like","Zoccola et al., 2015","Acer_g11850.t1","Biomin_Genes"
"202","XP_022792212.1","ras-like protein 3 [Stylophora pistillata]","Peled et al., 2020","Acer_g3227.t1","Biomin_Genes"
"203","XP_022794351.1","mammalian ependymin-related protein 1-like [Stylophora pistillata]","Peled et al., 2020","Acer_g16206.t1","Biomin_Genes"
"204","XP_022798902.1","low-density lipoprotein receptor-related protein 8-like [Stylophora pistillata]","Peled et al., 2020","Acer_g2941.t1","Biomin_Genes"
"205","XP_022798902.1","low-density lipoprotein receptor-related protein 8-like [Stylophora pistillata]","Peled et al., 2020","Acer_g2941.t2","Biomin_Genes"
"206","XP_022799541.1","uncharacterized protein LOC111337489 [Stylophora pistillata]","Peled et al., 2020","Acer_g2115.t1","Biomin_Genes"
"207","XP_022800320.1","sulfate anion transporter 1-like isoform X1","Zoccola et al., 2015","Acer_g7743.t1","Biomin_Genes"
"208","XP_022800329.1","sulfate anion transporter 1-like isoform X2","Zoccola et al., 2015","Acer_g7743.t1","Biomin_Genes"
"209","XP_022800339.1","sulfate anion transporter 1-like isoform X1","Zoccola et al., 2015","Acer_g3333.t2","Biomin_Genes"
"210","XP_022800339.1","sulfate anion transporter 1-like isoform X1","Zoccola et al., 2015","Acer_g3333.t1","Biomin_Genes"
"211","XP_022800339.1","sulfate anion transporter 1-like isoform X1","Zoccola et al., 2015","Acer_g7471.t1","Biomin_Genes"
"212","XP_022800339.1","sulfate anion transporter 1-like isoform X1","Zoccola et al., 2015","Acer_g7471.t2","Biomin_Genes"
"213","XP_022801463.1","sodium bicarbonate cotransporter 3-like isoform X2","Zoccola et al., 2015","Acer_g17424.t1","Biomin_Genes"
"214","XP_022801463.1","sodium bicarbonate cotransporter 3-like isoform X2","Zoccola et al., 2015","Acer_g17424.t2","Biomin_Genes"
"215","XP_022801463.1","sodium bicarbonate cotransporter 3-like isoform X2","Zoccola et al., 2015","Acer_g17424.t3","Biomin_Genes"
"216","XP_022803524.1","digestive cysteine proteinase 1-like [Stylophora pistillata]","Peled et al., 2020","Acer_g18736.t1","Biomin_Genes"
"217","XP_022803808.1","deleted in malignant brain tumors 1 protein-like [Stylophora pistillata]","Peled et al., 2020","Acer_g20191.t1","Biomin_Genes"
"218","XP_022803808.1","deleted in malignant brain tumors 1 protein-like [Stylophora pistillata]","Peled et al., 2020","Acer_g21020.t1","Biomin_Genes"
"219","XP_022803808.1","deleted in malignant brain tumors 1 protein-like [Stylophora pistillata]","Peled et al., 2020","Acer_g21019.t1","Biomin_Genes"
"220","XP_022804012.1","EGF and laminin G domain-containing protein-like [Stylophora pistillata]","Peled et al., 2020","Acer_g8662.t1","Biomin_Genes"
"221","XP_022804012.1","EGF and laminin G domain-containing protein-like [Stylophora pistillata]","Peled et al., 2020","Acer_g8663.t1","Biomin_Genes"
"222","XP_022804012.1","EGF and laminin G domain-containing protein-like [Stylophora pistillata]","Peled et al., 2020","Acer_g8663.t2","Biomin_Genes"
"223","XP_022806326.1","ZP domain-containing protein-like [Stylophora pistillata]","Peled et al., 2020","Acer_g19747.t1","Biomin_Genes"
"224","XP_022806664.1","protein lingerer-like [Stylophora pistillata]","Peled et al., 2020","Acer_g5637.t1","Biomin_Genes"
"225","XP_022806928.1","SLIT-ROBO Rho GTPase-activating protein 1-like [Stylophora pistillata]","Peled et al., 2020","Acer_g23717.t1","Biomin_Genes"
"226","XP_022807143.1","condensin-2 complex subunit D3-like [Stylophora pistillata]","Peled et al., 2020","Acer_g4928.t1","Biomin_Genes"
"227","XP_022807256.1","uncharacterized protein LOC111344300 [Stylophora pistillata]","Peled et al., 2020","Acer_g22992.t1","Biomin_Genes"
"228","XP_022807256.1","uncharacterized protein LOC111344300 [Stylophora pistillata]","Peled et al., 2020","Acer_g7464.t1","Biomin_Genes"
"229","XP_022807256.1","uncharacterized protein LOC111344300 [Stylophora pistillata]","Peled et al., 2020","Acer_g6148.t1","Biomin_Genes"
"230","XP_022807256.1","uncharacterized protein LOC111344300 [Stylophora pistillata]","Peled et al., 2020","Acer_g9921.t1","Biomin_Genes"
"231","XP_022807256.1","uncharacterized protein LOC111344300 [Stylophora pistillata]","Peled et al., 2020","Acer_g19043.t1","Biomin_Genes"
"232","XP_022807256.1","uncharacterized protein LOC111344300 [Stylophora pistillata]","Peled et al., 2020","Acer_g5946.t1","Biomin_Genes"
"233","XP_022807256.1","uncharacterized protein LOC111344300 [Stylophora pistillata]","Peled et al., 2020","Acer_g18438.t1","Biomin_Genes"
"234","XP_022807256.1","uncharacterized protein LOC111344300 [Stylophora pistillata]","Peled et al., 2020","Acer_g1934.t1","Biomin_Genes"
"235","XP_022807256.1","uncharacterized protein LOC111344300 [Stylophora pistillata]","Peled et al., 2020","Acer_g14211.t1","Biomin_Genes"
"236","XP_022807807.1","uncharacterized protein LOC111344812 [Stylophora pistillata]","Peled et al., 2020","Acer_g19533.t2","Biomin_Genes"
"237","XP_022807807.1","uncharacterized protein LOC111344812 [Stylophora pistillata]","Peled et al., 2020","Acer_g20727.t2","Biomin_Genes"
"238","XP_022807807.1","uncharacterized protein LOC111344812 [Stylophora pistillata]","Peled et al., 2020","Acer_g20727.t1","Biomin_Genes"
"239","XP_022807807.1","uncharacterized protein LOC111344812 [Stylophora pistillata]","Peled et al., 2020","Acer_g19533.t1","Biomin_Genes"
"240","XP_022807807.1","uncharacterized protein LOC111344812 [Stylophora pistillata]","Peled et al., 2020","Acer_g19535.t1","Biomin_Genes"
"241","XP_022808163.1","uncharacterized protein LOC111345150 [Stylophora pistillata]","Peled et al., 2020","Acer_g20717.t1","Biomin_Genes"
"242","XP_022808163.1","uncharacterized protein LOC111345150 [Stylophora pistillata]","Peled et al., 2020","Acer_g20717.t2","Biomin_Genes"
"243","XP_022808163.1","uncharacterized protein LOC111345150 [Stylophora pistillata]","Peled et al., 2020","Acer_g20717.t3","Biomin_Genes"
"244","XP_022808163.1","uncharacterized protein LOC111345150 [Stylophora pistillata]","Peled et al., 2020","Acer_g20709.t1","Biomin_Genes"
"245","XP_022809269.1","microtubule-associated tumor suppressor 1 homolog isoform X1 [Stylophora pistillata]","Peled et al., 2020","Acer_g6934.t1","Biomin_Genes"
"246","XP_022809269.1","microtubule-associated tumor suppressor 1 homolog isoform X1 [Stylophora pistillata]","Peled et al., 2020","Acer_g6934.t2","Biomin_Genes"
"247","XP_022809270.1","microtubule-associated tumor suppressor 1 homolog isoform X2 [Stylophora pistillata]","Peled et al., 2020","Acer_g6934.t1","Biomin_Genes"
"248","XP_022809270.1","microtubule-associated tumor suppressor 1 homolog isoform X2 [Stylophora pistillata]","Peled et al., 2020","Acer_g6934.t2","Biomin_Genes"
