"","accessionnumber_gene_id","definition","ref","Mcap_gene"
"1","AAD11470.1","L-type calcium channel alpha-1 subunit","Zoccola et al., 1999","Montipora_capitata_HIv3___TS.g11132.t1"
"2","AAR13013.1","plasma membrane calcium ATPase [Stylophora pistillata]","Zoccola et al., 2004","Montipora_capitata_HIv3___RNAseq.g25596.t1"
"3","AGE35225.2","CARP1 [Stylophora pistillata]","Mass et al., 2013","Montipora_capitata_HIv3___RNAseq.g8713.t1"
"4","AGE35226.1","CARP3 [Stylophora pistillata]","Mass et al., 2013","Montipora_capitata_HIv3___RNAseq.g32223.t1"
"5","AGG36361.1","Annotated: Protoacadherin (PC4)","Drake et al., 2013","Montipora_capitata_HIv3___RNAseq.g35507.t1"
"6","AGG36361.1","Annotated: Protoacadherin (PC4)","Drake et al., 2013","Montipora_capitata_HIv3___RNAseq.g46421.t1"
"7","AGG36361.1","Annotated: Protoacadherin (PC4)","Drake et al., 2013","Montipora_capitata_HIv3___RNAseq.g15568.t1"
"8","AGG36361.1","Annotated: Protoacadherin (PC4)","Drake et al., 2013","Montipora_capitata_HIv3___TS.g33233.t1b"
"9","AGG36361.1","Annotated: Protoacadherin (PC4)","Drake et al., 2013","Montipora_capitata_HIv3___RNAseq.g16360.t1"
"10","AGG36361.1","Annotated: Protoacadherin (PC4)","Drake et al., 2013","Montipora_capitata_HIv3___RNAseq.g30847.t1"
"11","AGG36361.1","Annotated: Protoacadherin (PC4)","Drake et al., 2013","Montipora_capitata_HIv3___RNAseq.g20717.t1"
"12","AGG36361.1","Annotated: Protoacadherin (PC4)","Drake et al., 2013","Montipora_capitata_HIv3___TS.g32653.t1"
"13","AGG36361.1","Annotated: Protoacadherin (PC4)","Drake et al., 2013","Montipora_capitata_HIv3___RNAseq.g27327.t1"
"14","AGG36361.1","Annotated: Protoacadherin (PC4)","Drake et al., 2013","Montipora_capitata_HIv3___RNAseq.g8221.t1"
"15","AGG36361.1","Annotated: Protoacadherin (PC4)","Drake et al., 2013","Montipora_capitata_HIv3___RNAseq.g23217.t1"
"16","AGG36361.1","Annotated: Protoacadherin (PC4)","Drake et al., 2013","Montipora_capitata_HIv3___RNAseq.g27228.t1"
"17","AGG36361.1","Annotated: Protoacadherin (PC4)","Drake et al., 2013","Montipora_capitata_HIv3___RNAseq.g423.t1"
"18","AGG36361.1","Annotated: Protoacadherin (PC4)","Drake et al., 2013","Montipora_capitata_HIv3___TS.g36643.t1"
"19","AGG36361.1","Annotated: Protoacadherin (PC4)","Drake et al., 2013","Montipora_capitata_HIv3___RNAseq.g40146.t1"
"20","AGG36361.1","Annotated: Protoacadherin (PC4)","Drake et al., 2013","Montipora_capitata_HIv3___RNAseq.g47629.t1"
"21","AGG36361.1","Annotated: Protoacadherin (PC4)","Drake et al., 2013","Montipora_capitata_HIv3___RNAseq.g45164.t1"
"22","AJQ31790.1","solute carrier family 4 member gamma [Stylophora pistillata]","Zoccola et al., 2015","Montipora_capitata_HIv3___RNAseq.20936_t"
"23","aug_v2a.01440.t1(aug_v2a.01441.t1)","Adi-SAARP2","Takeuchi et al., 2016","Montipora_capitata_HIv3___RNAseq.g4759.t1"
"24","aug_v2a.02830","polycystic kidney disease 1-related (PKD1-related) protein","Takeuchi et al., 2016","Montipora_capitata_HIv3___RNAseq.g407.t1"
"25","aug_v2a.02830.t1","polycystic kidney disease 1-related (PKD1-related) protein","Takeuchi et al., 2016","Montipora_capitata_HIv3___RNAseq.g407.t1"
"26","aug_v2a.06122.t1","EGF and laminin G domain-containing protein","Takeuchi et al., 2016","Montipora_capitata_HIv3___RNAseq.g25201.t1a"
"27","aug_v2a.06122.t1","EGF and laminin G domain-containing protein","Takeuchi et al., 2016","Montipora_capitata_HIv3___RNAseq.g492.t1b"
"28","aug_v2a.06123.t1","EGF and laminin G domain-containing protein","Takeuchi et al., 2016","Montipora_capitata_HIv3___RNAseq.g25201.t1a"
"29","aug_v2a.06123.t1","EGF and laminin G domain-containing protein","Takeuchi et al., 2016","Montipora_capitata_HIv3___RNAseq.g492.t1b"
"30","aug_v2a.06327.t1","SAARP3","Takeuchi et al., 2016","Montipora_capitata_HIv3___TS.g48046.t2a"
"31","aug_v2a.07627.t1","Zona pellucida domain-containing protein","Takeuchi et al., 2016","Montipora_capitata_HIv3___RNAseq.42070_t"
"32","aug_v2a.09809.t1","Mucin4-like protein","Takeuchi et al., 2016","Montipora_capitata_HIv3___RNAseq.g15015.t1"
"33","aug_v2a.09968.t1","MAM and LDLr domain-containing protein","Takeuchi et al., 2016","Montipora_capitata_HIv3___RNAseq.g49409.t1"
"34","aug_v2a.09969.t1","MAM and LDLr domain-containing protein","Takeuchi et al., 2016","Montipora_capitata_HIv3___RNAseq.g49409.t1"
"35","aug_v2a.11068.t1","SAARP1","Takeuchi et al., 2016","Montipora_capitata_HIv3___RNAseq.g4759.t1"
"36","aug_v2a.15580.t1","Laminin G domain-containing protein","Takeuchi et al., 2016","Montipora_capitata_HIv3___RNAseq.g25201.t1a"
"37","aug_v2a.15580.t1","Laminin G domain-containing protein","Takeuchi et al., 2016","Montipora_capitata_HIv3___RNAseq.g492.t1b"
"38","aug_v2a.19518.t1","Protocadherin-like","Takeuchi et al., 2016","Montipora_capitata_HIv3___RNAseq.g35507.t1"
"39","aug_v2a.19518.t1","Protocadherin-like","Takeuchi et al., 2016","Montipora_capitata_HIv3___RNAseq.g46421.t1"
"40","aug_v2a.19518.t1","Protocadherin-like","Takeuchi et al., 2016","Montipora_capitata_HIv3___RNAseq.g15568.t1"
"41","aug_v2a.19518.t1","Protocadherin-like","Takeuchi et al., 2016","Montipora_capitata_HIv3___TS.g33233.t1b"
"42","aug_v2a.19518.t1","Protocadherin-like","Takeuchi et al., 2016","Montipora_capitata_HIv3___RNAseq.g16360.t1"
"43","aug_v2a.19518.t1","Protocadherin-like","Takeuchi et al., 2016","Montipora_capitata_HIv3___RNAseq.g30847.t1"
"44","aug_v2a.19518.t1","Protocadherin-like","Takeuchi et al., 2016","Montipora_capitata_HIv3___RNAseq.g20717.t1"
"45","aug_v2a.19518.t1","Protocadherin-like","Takeuchi et al., 2016","Montipora_capitata_HIv3___TS.g32653.t1"
"46","aug_v2a.19518.t1","Protocadherin-like","Takeuchi et al., 2016","Montipora_capitata_HIv3___RNAseq.g27327.t1"
"47","aug_v2a.19518.t1","Protocadherin-like","Takeuchi et al., 2016","Montipora_capitata_HIv3___RNAseq.g8221.t1"
"48","aug_v2a.19518.t1","Protocadherin-like","Takeuchi et al., 2016","Montipora_capitata_HIv3___RNAseq.g23217.t1"
"49","aug_v2a.19518.t1","Protocadherin-like","Takeuchi et al., 2016","Montipora_capitata_HIv3___RNAseq.g27228.t1"
"50","aug_v2a.19518.t1","Protocadherin-like","Takeuchi et al., 2016","Montipora_capitata_HIv3___RNAseq.g423.t1"
"51","aug_v2a.19518.t1","Protocadherin-like","Takeuchi et al., 2016","Montipora_capitata_HIv3___TS.g36643.t1"
"52","aug_v2a.19518.t1","Protocadherin-like","Takeuchi et al., 2016","Montipora_capitata_HIv3___RNAseq.g40146.t1"
"53","aug_v2a.19518.t1","Protocadherin-like","Takeuchi et al., 2016","Montipora_capitata_HIv3___RNAseq.g47629.t1"
"54","aug_v2a.19518.t1","Protocadherin-like","Takeuchi et al., 2016","Montipora_capitata_HIv3___RNAseq.g45164.t1"
"55","aug_v2a.24015.t1","Hephaestin-like protein","Takeuchi et al., 2016","Montipora_capitata_HIv3___RNAseq.g26563.t2"
"56","aug_v2a.24512.t1","EGF and laminin G domain-containing protein","Takeuchi et al., 2016","Montipora_capitata_HIv3___RNAseq.g25201.t1a"
"57","aug_v2a.24512.t1","EGF and laminin G domain-containing protein","Takeuchi et al., 2016","Montipora_capitata_HIv3___RNAseq.g492.t1b"
"58","Gene:g3745.t1","Annotated: CARP4","Mummadisetti et al., 2021","Montipora_capitata_HIv3___RNAseq.g4759.t1"
"59","Gene:10186","Annotated: Protocadherin (PC2)","Mummadisetti et al., 2021","Montipora_capitata_HIv3___RNAseq.g35507.t1"
"60","Gene:10186","Annotated: Protocadherin (PC2)","Mummadisetti et al., 2021","Montipora_capitata_HIv3___RNAseq.g46421.t1"
"61","Gene:10186","Annotated: Protocadherin (PC2)","Mummadisetti et al., 2021","Montipora_capitata_HIv3___RNAseq.g15568.t1"
"62","Gene:10186","Annotated: Protocadherin (PC2)","Mummadisetti et al., 2021","Montipora_capitata_HIv3___TS.g33233.t1b"
"63","Gene:10186","Annotated: Protocadherin (PC2)","Mummadisetti et al., 2021","Montipora_capitata_HIv3___RNAseq.g16360.t1"
"64","Gene:10186","Annotated: Protocadherin (PC2)","Mummadisetti et al., 2021","Montipora_capitata_HIv3___RNAseq.g30847.t1"
"65","Gene:10186","Annotated: Protocadherin (PC2)","Mummadisetti et al., 2021","Montipora_capitata_HIv3___RNAseq.g20717.t1"
"66","Gene:10186","Annotated: Protocadherin (PC2)","Mummadisetti et al., 2021","Montipora_capitata_HIv3___TS.g32653.t1"
"67","Gene:10186","Annotated: Protocadherin (PC2)","Mummadisetti et al., 2021","Montipora_capitata_HIv3___RNAseq.g27327.t1"
"68","Gene:10186","Annotated: Protocadherin (PC2)","Mummadisetti et al., 2021","Montipora_capitata_HIv3___RNAseq.g8221.t1"
"69","Gene:10186","Annotated: Protocadherin (PC2)","Mummadisetti et al., 2021","Montipora_capitata_HIv3___RNAseq.g23217.t1"
"70","Gene:10186","Annotated: Protocadherin (PC2)","Mummadisetti et al., 2021","Montipora_capitata_HIv3___RNAseq.g27228.t1"
"71","Gene:10186","Annotated: Protocadherin (PC2)","Mummadisetti et al., 2021","Montipora_capitata_HIv3___RNAseq.g423.t1"
"72","Gene:10186","Annotated: Protocadherin (PC2)","Mummadisetti et al., 2021","Montipora_capitata_HIv3___TS.g36643.t1"
"73","Gene:10186","Annotated: Protocadherin (PC2)","Mummadisetti et al., 2021","Montipora_capitata_HIv3___RNAseq.g40146.t1"
"74","Gene:10186","Annotated: Protocadherin (PC2)","Mummadisetti et al., 2021","Montipora_capitata_HIv3___RNAseq.g47629.t1"
"75","Gene:10186","Annotated: Protocadherin (PC2)","Mummadisetti et al., 2021","Montipora_capitata_HIv3___RNAseq.g45164.t1"
"76","Gene:g10186","Annotated: CARP4","Mummadisetti et al., 2021","Montipora_capitata_HIv3___RNAseq.g4759.t1"
"77","Gene:g10187","Annotated: Protocadherin (PC3)","Mummadisetti et al., 2021","Montipora_capitata_HIv3___RNAseq.g35507.t1"
"78","Gene:g10187","Annotated: Protocadherin (PC3)","Mummadisetti et al., 2021","Montipora_capitata_HIv3___RNAseq.g46421.t1"
"79","Gene:g10187","Annotated: Protocadherin (PC3)","Mummadisetti et al., 2021","Montipora_capitata_HIv3___RNAseq.g15568.t1"
"80","Gene:g10187","Annotated: Protocadherin (PC3)","Mummadisetti et al., 2021","Montipora_capitata_HIv3___TS.g33233.t1b"
"81","Gene:g10187","Annotated: Protocadherin (PC3)","Mummadisetti et al., 2021","Montipora_capitata_HIv3___RNAseq.g16360.t1"
"82","Gene:g10187","Annotated: Protocadherin (PC3)","Mummadisetti et al., 2021","Montipora_capitata_HIv3___RNAseq.g30847.t1"
"83","Gene:g10187","Annotated: Protocadherin (PC3)","Mummadisetti et al., 2021","Montipora_capitata_HIv3___RNAseq.g20717.t1"
"84","Gene:g10187","Annotated: Protocadherin (PC3)","Mummadisetti et al., 2021","Montipora_capitata_HIv3___TS.g32653.t1"
"85","Gene:g10187","Annotated: Protocadherin (PC3)","Mummadisetti et al., 2021","Montipora_capitata_HIv3___RNAseq.g27327.t1"
"86","Gene:g10187","Annotated: Protocadherin (PC3)","Mummadisetti et al., 2021","Montipora_capitata_HIv3___RNAseq.g8221.t1"
"87","Gene:g10187","Annotated: Protocadherin (PC3)","Mummadisetti et al., 2021","Montipora_capitata_HIv3___RNAseq.g23217.t1"
"88","Gene:g10187","Annotated: Protocadherin (PC3)","Mummadisetti et al., 2021","Montipora_capitata_HIv3___RNAseq.g27228.t1"
"89","Gene:g10187","Annotated: Protocadherin (PC3)","Mummadisetti et al., 2021","Montipora_capitata_HIv3___RNAseq.g423.t1"
"90","Gene:g10187","Annotated: Protocadherin (PC3)","Mummadisetti et al., 2021","Montipora_capitata_HIv3___TS.g36643.t1"
"91","Gene:g10187","Annotated: Protocadherin (PC3)","Mummadisetti et al., 2021","Montipora_capitata_HIv3___RNAseq.g40146.t1"
"92","Gene:g10187","Annotated: Protocadherin (PC3)","Mummadisetti et al., 2021","Montipora_capitata_HIv3___RNAseq.g47629.t1"
"93","Gene:g10187","Annotated: Protocadherin (PC3)","Mummadisetti et al., 2021","Montipora_capitata_HIv3___RNAseq.g45164.t1"
"94","Gene:g10188","Annotated: Protocadherin (PC3)","Mummadisetti et al., 2021","Montipora_capitata_HIv3___RNAseq.g35507.t1"
"95","Gene:g10188","Annotated: Protocadherin (PC3)","Mummadisetti et al., 2021","Montipora_capitata_HIv3___RNAseq.g46421.t1"
"96","Gene:g10188","Annotated: Protocadherin (PC3)","Mummadisetti et al., 2021","Montipora_capitata_HIv3___RNAseq.g15568.t1"
"97","Gene:g10188","Annotated: Protocadherin (PC3)","Mummadisetti et al., 2021","Montipora_capitata_HIv3___TS.g33233.t1b"
"98","Gene:g10188","Annotated: Protocadherin (PC3)","Mummadisetti et al., 2021","Montipora_capitata_HIv3___RNAseq.g16360.t1"
"99","Gene:g10188","Annotated: Protocadherin (PC3)","Mummadisetti et al., 2021","Montipora_capitata_HIv3___RNAseq.g30847.t1"
"100","Gene:g10188","Annotated: Protocadherin (PC3)","Mummadisetti et al., 2021","Montipora_capitata_HIv3___RNAseq.g20717.t1"
"101","Gene:g10188","Annotated: Protocadherin (PC3)","Mummadisetti et al., 2021","Montipora_capitata_HIv3___TS.g32653.t1"
"102","Gene:g10188","Annotated: Protocadherin (PC3)","Mummadisetti et al., 2021","Montipora_capitata_HIv3___RNAseq.g27327.t1"
"103","Gene:g10188","Annotated: Protocadherin (PC3)","Mummadisetti et al., 2021","Montipora_capitata_HIv3___RNAseq.g8221.t1"
"104","Gene:g10188","Annotated: Protocadherin (PC3)","Mummadisetti et al., 2021","Montipora_capitata_HIv3___RNAseq.g23217.t1"
"105","Gene:g10188","Annotated: Protocadherin (PC3)","Mummadisetti et al., 2021","Montipora_capitata_HIv3___RNAseq.g27228.t1"
"106","Gene:g10188","Annotated: Protocadherin (PC3)","Mummadisetti et al., 2021","Montipora_capitata_HIv3___RNAseq.g423.t1"
"107","Gene:g10188","Annotated: Protocadherin (PC3)","Mummadisetti et al., 2021","Montipora_capitata_HIv3___TS.g36643.t1"
"108","Gene:g10188","Annotated: Protocadherin (PC3)","Mummadisetti et al., 2021","Montipora_capitata_HIv3___RNAseq.g40146.t1"
"109","Gene:g10188","Annotated: Protocadherin (PC3)","Mummadisetti et al., 2021","Montipora_capitata_HIv3___RNAseq.g47629.t1"
"110","Gene:g10188","Annotated: Protocadherin (PC3)","Mummadisetti et al., 2021","Montipora_capitata_HIv3___RNAseq.g45164.t1"
"111","Gene:g11190","Annotated: USOMP12","Mummadisetti et al., 2021","Montipora_capitata_HIv3___RNAseq.g33971.t1b"
"112","Gene:g13552","Acidic SOMP (Full-Length p27)","Mummadisetti et al., 2021","Montipora_capitata_HIv3___TS.g48046.t2a"
"113","Gene:g14733","Annotated: CARP4","Mummadisetti et al., 2021","Montipora_capitata_HIv3___RNAseq.g4759.t1"
"114","Gene:g1484","Annotated: CARP1","Mummadisetti et al., 2021","Montipora_capitata_HIv3___RNAseq.g8713.t1"
"115","Gene:g15294.t1","Annotated: Vitellogenin","Mummadisetti et al., 2021","Montipora_capitata_HIv3___RNAseq.g28064.t1"
"116","Gene:g15955","Annotated: MAM and LDL receptor-containing protein (MAM LDL-2)","Mummadisetti et al., 2021","Montipora_capitata_HIv3___RNAseq.g49409.t1"
"117","Gene:g2115","Annotated: Cadherin","Mummadisetti et al., 2021","Montipora_capitata_HIv3___RNAseq.g35507.t1"
"118","Gene:g2115","Annotated: Cadherin","Mummadisetti et al., 2021","Montipora_capitata_HIv3___RNAseq.g46421.t1"
"119","Gene:g2115","Annotated: Cadherin","Mummadisetti et al., 2021","Montipora_capitata_HIv3___RNAseq.g15568.t1"
"120","Gene:g2115","Annotated: Cadherin","Mummadisetti et al., 2021","Montipora_capitata_HIv3___TS.g33233.t1b"
"121","Gene:g2115","Annotated: Cadherin","Mummadisetti et al., 2021","Montipora_capitata_HIv3___RNAseq.g16360.t1"
"122","Gene:g2115","Annotated: Cadherin","Mummadisetti et al., 2021","Montipora_capitata_HIv3___RNAseq.g30847.t1"
"123","Gene:g2115","Annotated: Cadherin","Mummadisetti et al., 2021","Montipora_capitata_HIv3___RNAseq.g20717.t1"
"124","Gene:g2115","Annotated: Cadherin","Mummadisetti et al., 2021","Montipora_capitata_HIv3___TS.g32653.t1"
"125","Gene:g2115","Annotated: Cadherin","Mummadisetti et al., 2021","Montipora_capitata_HIv3___RNAseq.g27327.t1"
"126","Gene:g2115","Annotated: Cadherin","Mummadisetti et al., 2021","Montipora_capitata_HIv3___RNAseq.g8221.t1"
"127","Gene:g2115","Annotated: Cadherin","Mummadisetti et al., 2021","Montipora_capitata_HIv3___RNAseq.g23217.t1"
"128","Gene:g2115","Annotated: Cadherin","Mummadisetti et al., 2021","Montipora_capitata_HIv3___RNAseq.g27228.t1"
"129","Gene:g2115","Annotated: Cadherin","Mummadisetti et al., 2021","Montipora_capitata_HIv3___RNAseq.g423.t1"
"130","Gene:g2115","Annotated: Cadherin","Mummadisetti et al., 2021","Montipora_capitata_HIv3___TS.g36643.t1"
"131","Gene:g2115","Annotated: Cadherin","Mummadisetti et al., 2021","Montipora_capitata_HIv3___RNAseq.g40146.t1"
"132","Gene:g2115","Annotated: Cadherin","Mummadisetti et al., 2021","Montipora_capitata_HIv3___RNAseq.g47629.t1"
"133","Gene:g2115","Annotated: Cadherin","Mummadisetti et al., 2021","Montipora_capitata_HIv3___RNAseq.g45164.t1"
"134","Gene:g2116","Annotated: Protocadherin (PC1)","Mummadisetti et al., 2021","Montipora_capitata_HIv3___RNAseq.g35507.t1"
"135","Gene:g2116","Annotated: Protocadherin (PC1)","Mummadisetti et al., 2021","Montipora_capitata_HIv3___RNAseq.g46421.t1"
"136","Gene:g2116","Annotated: Protocadherin (PC1)","Mummadisetti et al., 2021","Montipora_capitata_HIv3___RNAseq.g15568.t1"
"137","Gene:g2116","Annotated: Protocadherin (PC1)","Mummadisetti et al., 2021","Montipora_capitata_HIv3___TS.g33233.t1b"
"138","Gene:g2116","Annotated: Protocadherin (PC1)","Mummadisetti et al., 2021","Montipora_capitata_HIv3___RNAseq.g16360.t1"
"139","Gene:g2116","Annotated: Protocadherin (PC1)","Mummadisetti et al., 2021","Montipora_capitata_HIv3___RNAseq.g30847.t1"
"140","Gene:g2116","Annotated: Protocadherin (PC1)","Mummadisetti et al., 2021","Montipora_capitata_HIv3___RNAseq.g20717.t1"
"141","Gene:g2116","Annotated: Protocadherin (PC1)","Mummadisetti et al., 2021","Montipora_capitata_HIv3___TS.g32653.t1"
"142","Gene:g2116","Annotated: Protocadherin (PC1)","Mummadisetti et al., 2021","Montipora_capitata_HIv3___RNAseq.g27327.t1"
"143","Gene:g2116","Annotated: Protocadherin (PC1)","Mummadisetti et al., 2021","Montipora_capitata_HIv3___RNAseq.g8221.t1"
"144","Gene:g2116","Annotated: Protocadherin (PC1)","Mummadisetti et al., 2021","Montipora_capitata_HIv3___RNAseq.g23217.t1"
"145","Gene:g2116","Annotated: Protocadherin (PC1)","Mummadisetti et al., 2021","Montipora_capitata_HIv3___RNAseq.g27228.t1"
"146","Gene:g2116","Annotated: Protocadherin (PC1)","Mummadisetti et al., 2021","Montipora_capitata_HIv3___RNAseq.g423.t1"
"147","Gene:g2116","Annotated: Protocadherin (PC1)","Mummadisetti et al., 2021","Montipora_capitata_HIv3___TS.g36643.t1"
"148","Gene:g2116","Annotated: Protocadherin (PC1)","Mummadisetti et al., 2021","Montipora_capitata_HIv3___RNAseq.g40146.t1"
"149","Gene:g2116","Annotated: Protocadherin (PC1)","Mummadisetti et al., 2021","Montipora_capitata_HIv3___RNAseq.g47629.t1"
"150","Gene:g2116","Annotated: Protocadherin (PC1)","Mummadisetti et al., 2021","Montipora_capitata_HIv3___RNAseq.g45164.t1"
"151","Gene:g22569","Annotated: Fibronectin","Mummadisetti et al., 2021","Montipora_capitata_HIv3___RNAseq.g18277.t1b"
"152","Gene:g22569","Annotated: Fibronectin","Mummadisetti et al., 2021","Montipora_capitata_HIv3___RNAseq.g46484.t1a"
"153","Gene:g22569","Annotated: Fibronectin","Mummadisetti et al., 2021","Montipora_capitata_HIv3___RNAseq.g24506.t1"
"154","Gene:g22569","Annotated: Fibronectin","Mummadisetti et al., 2021","Montipora_capitata_HIv3___TS.g13525.t1b"
"155","Gene:g22569","Annotated: Fibronectin","Mummadisetti et al., 2021","Montipora_capitata_HIv3___TS.g30739.t1"
"156","Gene:g22569","Annotated: Fibronectin","Mummadisetti et al., 2021","Montipora_capitata_HIv3___RNAseq.g28931.t1"
"157","Gene:g22569","Annotated: Fibronectin","Mummadisetti et al., 2021","Montipora_capitata_HIv3___TS.g13629.t1"
"158","Gene:g22569","Annotated: Fibronectin","Mummadisetti et al., 2021","Montipora_capitata_HIv3___RNAseq.g18315.t1"
"159","Gene:g22569","Annotated: Fibronectin","Mummadisetti et al., 2021","Montipora_capitata_HIv3___TS.g13627.t2"
"160","Gene:g22569","Annotated: Fibronectin","Mummadisetti et al., 2021","Montipora_capitata_HIv3___RNAseq.g18265.t1"
"161","Gene:g22569","Annotated: Fibronectin","Mummadisetti et al., 2021","Montipora_capitata_HIv3___RNAseq.g18358.t1"
"162","Gene:g24177","Annotated: Protocadherin (PC5)","Mummadisetti et al., 2021","Montipora_capitata_HIv3___RNAseq.g24455.t1"
"163","Gene:g30","Annotated: Protoacadherin (PC4)","Mummadisetti et al., 2021","Montipora_capitata_HIv3___RNAseq.g35507.t1"
"164","Gene:g30","Annotated: Protoacadherin (PC4)","Mummadisetti et al., 2021","Montipora_capitata_HIv3___RNAseq.g46421.t1"
"165","Gene:g30","Annotated: Protoacadherin (PC4)","Mummadisetti et al., 2021","Montipora_capitata_HIv3___RNAseq.g15568.t1"
"166","Gene:g30","Annotated: Protoacadherin (PC4)","Mummadisetti et al., 2021","Montipora_capitata_HIv3___TS.g33233.t1b"
"167","Gene:g30","Annotated: Protoacadherin (PC4)","Mummadisetti et al., 2021","Montipora_capitata_HIv3___RNAseq.g16360.t1"
"168","Gene:g30","Annotated: Protoacadherin (PC4)","Mummadisetti et al., 2021","Montipora_capitata_HIv3___RNAseq.g30847.t1"
"169","Gene:g30","Annotated: Protoacadherin (PC4)","Mummadisetti et al., 2021","Montipora_capitata_HIv3___RNAseq.g20717.t1"
"170","Gene:g30","Annotated: Protoacadherin (PC4)","Mummadisetti et al., 2021","Montipora_capitata_HIv3___TS.g32653.t1"
"171","Gene:g30","Annotated: Protoacadherin (PC4)","Mummadisetti et al., 2021","Montipora_capitata_HIv3___RNAseq.g27327.t1"
"172","Gene:g30","Annotated: Protoacadherin (PC4)","Mummadisetti et al., 2021","Montipora_capitata_HIv3___RNAseq.g8221.t1"
"173","Gene:g30","Annotated: Protoacadherin (PC4)","Mummadisetti et al., 2021","Montipora_capitata_HIv3___RNAseq.g23217.t1"
"174","Gene:g30","Annotated: Protoacadherin (PC4)","Mummadisetti et al., 2021","Montipora_capitata_HIv3___RNAseq.g27228.t1"
"175","Gene:g30","Annotated: Protoacadherin (PC4)","Mummadisetti et al., 2021","Montipora_capitata_HIv3___RNAseq.g423.t1"
"176","Gene:g30","Annotated: Protoacadherin (PC4)","Mummadisetti et al., 2021","Montipora_capitata_HIv3___TS.g36643.t1"
"177","Gene:g30","Annotated: Protoacadherin (PC4)","Mummadisetti et al., 2021","Montipora_capitata_HIv3___RNAseq.g40146.t1"
"178","Gene:g30","Annotated: Protoacadherin (PC4)","Mummadisetti et al., 2021","Montipora_capitata_HIv3___RNAseq.g47629.t1"
"179","Gene:g30","Annotated: Protoacadherin (PC4)","Mummadisetti et al., 2021","Montipora_capitata_HIv3___RNAseq.g45164.t1"
"180","Gene:g30385.t1","Annotated: USOMPS13","Mummadisetti et al., 2021","Montipora_capitata_HIv3___RNAseq.g5193.t1a"
"181","Gene:g34749","Annotated: EGF and LamininG-Like (EGF LamG2)","Mummadisetti et al., 2021","Montipora_capitata_HIv3___RNAseq.g25201.t1a"
"182","Gene:g34749","Annotated: EGF and LamininG-Like (EGF LamG2)","Mummadisetti et al., 2021","Montipora_capitata_HIv3___RNAseq.g492.t1b"
"183","Gene:g37058","Annotated: Fibronectin (Fibronectin-2)","Mummadisetti et al., 2021","Montipora_capitata_HIv3___RNAseq.g18277.t1b"
"184","Gene:g37058","Annotated: Fibronectin (Fibronectin-2)","Mummadisetti et al., 2021","Montipora_capitata_HIv3___RNAseq.g46484.t1a"
"185","Gene:g37058","Annotated: Fibronectin (Fibronectin-2)","Mummadisetti et al., 2021","Montipora_capitata_HIv3___RNAseq.g24506.t1"
"186","Gene:g37058","Annotated: Fibronectin (Fibronectin-2)","Mummadisetti et al., 2021","Montipora_capitata_HIv3___TS.g13525.t1b"
"187","Gene:g37058","Annotated: Fibronectin (Fibronectin-2)","Mummadisetti et al., 2021","Montipora_capitata_HIv3___TS.g30739.t1"
"188","Gene:g37058","Annotated: Fibronectin (Fibronectin-2)","Mummadisetti et al., 2021","Montipora_capitata_HIv3___RNAseq.g28931.t1"
"189","Gene:g37058","Annotated: Fibronectin (Fibronectin-2)","Mummadisetti et al., 2021","Montipora_capitata_HIv3___RNAseq.g18279.t1a"
"190","Gene:g37058","Annotated: Fibronectin (Fibronectin-2)","Mummadisetti et al., 2021","Montipora_capitata_HIv3___TS.g13629.t1"
"191","Gene:g37058","Annotated: Fibronectin (Fibronectin-2)","Mummadisetti et al., 2021","Montipora_capitata_HIv3___RNAseq.g18315.t1"
"192","Gene:g37058","Annotated: Fibronectin (Fibronectin-2)","Mummadisetti et al., 2021","Montipora_capitata_HIv3___TS.g13627.t2"
"193","Gene:g37058","Annotated: Fibronectin (Fibronectin-2)","Mummadisetti et al., 2021","Montipora_capitata_HIv3___RNAseq.g18265.t1"
"194","Gene:g37058","Annotated: Fibronectin (Fibronectin-2)","Mummadisetti et al., 2021","Montipora_capitata_HIv3___RNAseq.g18358.t1"
"195","Gene:g38881","Annotated: Uncharacterized protein (USOMP14)","Mummadisetti et al., 2021","Montipora_capitata_HIv3___RNAseq.g7412.t1"
"196","Gene:g5735.t1","Annotated: Tolloid-Like","Mummadisetti et al., 2021","Montipora_capitata_HIv3___RNAseq.g49820.t1"
"197","Gene:g7086","Annotated: EGF and LamininG-Like (EGF LamG1)","Mummadisetti et al., 2021","Montipora_capitata_HIv3___RNAseq.g25201.t1a"
"198","Gene:g7086","Annotated: EGF and LamininG-Like (EGF LamG1)","Mummadisetti et al., 2021","Montipora_capitata_HIv3___RNAseq.g492.t1b"
"199","Gene:g907","Annotated: Zona Pellucida (ZP domain-containing)","Mummadisetti et al., 2021","Montipora_capitata_HIv3___RNAseq.42070_t"
"200","Gene:g9094","Annotated: Actin","Mummadisetti et al., 2021","Montipora_capitata_HIv3___RNAseq.g6927.t1"
"201","Gene:g9094","Annotated: Actin","Mummadisetti et al., 2021","Montipora_capitata_HIv3___RNAseq.g6641.t1"
"202","Gene:g9094","Annotated: Actin","Mummadisetti et al., 2021","Montipora_capitata_HIv3___RNAseq.g16040.t1"
"203","Gene:g9094","Annotated: Actin","Mummadisetti et al., 2021","Montipora_capitata_HIv3___RNAseq.g6640.t1"
"204","Gene:g9094","Annotated: Actin","Mummadisetti et al., 2021","Montipora_capitata_HIv3___RNAseq.g6816.t1"
"205","Gene:g9094","Annotated: Actin","Mummadisetti et al., 2021","Montipora_capitata_HIv3___RNAseq.g6817.t1"
"206","JN631095.1","Acropora millepora clone B26 hypothetical protein p251_4","Hayward et al., 2011","Montipora_capitata_HIv3___RNAseq.42070_t"
"207","JR972076.1","Acidic skeletal organic matrix protein (Acidic SOMP)","Ramos-Silva et al., 2013","Montipora_capitata_HIv3___TS.g48046.t2a"
"208","JR980881.1","EGF and laminin G domain-containing protein","Ramos-Silva et al., 2013","Montipora_capitata_HIv3___RNAseq.g25201.t1a"
"209","JR980881.1","EGF and laminin G domain-containing protein","Ramos-Silva et al., 2013","Montipora_capitata_HIv3___RNAseq.g492.t1b"
"210","JR991407.1","Skeletal acidic Asp-rich Protein 2 (SAARP2)","Ramos-Silva et al., 2013","Montipora_capitata_HIv3___RNAseq.g4759.t1"
"211","JR994474.1","MAM and LDL-receptor domain- containing protein 2","Ramos-Silva et al., 2013","Montipora_capitata_HIv3___RNAseq.g49409.t1"
"212","JR997000.1","Uncharacterized skeletal organic matrix protein-3  (USOMP-3)","Ramos-Silva et al., 2013","Montipora_capitata_HIv3___RNAseq.g18421.t1"
"213","JR998014.1","Putative carbonic anhydrase","Ramos-Silva et al., 2013","Montipora_capitata_HIv3___RNAseq.g24324.t1"
"214","JR998014.1","Putative carbonic anhydrase","Ramos-Silva et al., 2013","Montipora_capitata_HIv3___TS.g7201.t1c"
"215","JR998260.1","Uncharacterized skeletal organic matrix protein-7 (USOMP7)","Ramos-Silva et al., 2013","Montipora_capitata_HIv3___RNAseq.g46232.t1"
"216","JR998260.1","Uncharacterized skeletal organic matrix protein-7 (USOMP7)","Ramos-Silva et al., 2013","Montipora_capitata_HIv3___RNAseq.g46226.t1"
"217","JT001945.1","Skeletal acidic Asp-rich Protein 1 (SAARP 1)","Ramos-Silva et al., 2013","Montipora_capitata_HIv3___RNAseq.g4759.t1"
"218","JT004498.1","Uncharacterized skeletal organic matrix protein-4  (USOMP-4)","Ramos-Silva et al., 2013","Montipora_capitata_HIv3___RNAseq.g4759.t1"
"219","JT011118.1","MAM and LDL-receptor domain- containing protein 1","Ramos-Silva et al., 2013","Montipora_capitata_HIv3___RNAseq.g49409.t1"
"220","JT014391.1","Uncharacterized skeletal organic matrix protein-8 (USOMP-8)","Ramos-Silva et al., 2013","Montipora_capitata_HIv3___RNAseq.g23608.t1"
"221","MG182344.1","Acropora yongei Na+/Ca2+ exchanger","Barron et al., 2018","Montipora_capitata_HIv3___RNAseq.g19019.t1"
"222","MG182344.1","Acropora yongei Na+/Ca2+ exchanger","Barron et al., 2018","Montipora_capitata_HIv3___TS.g20973.t1b"
"223","MG182345.1","Acropora yongei Na+/Ca2+ exchanger","Barron et al., 2018","Montipora_capitata_HIv3___RNAseq.g7510.t1"
"224","P13_g6918","Sushi domain-containing","Drake et al., 2013","Montipora_capitata_HIv3___TS.g3566.t1"
"225","P13_g6918","Sushi domain-containing","Drake et al., 2013","Montipora_capitata_HIv3___RNAseq.g49275.t1"
"226","P13_g6918","Sushi domain-containing","Drake et al., 2013","Montipora_capitata_HIv3___RNAseq.g49266.t1"
"227","P13_g6918","Sushi domain-containing","Drake et al., 2013","Montipora_capitata_HIv3___RNAseq.g49273.t1"
"228","P13_g6918","Sushi domain-containing","Drake et al., 2013","Montipora_capitata_HIv3___RNAseq.g49286.t1"
"229","P13_g6918","Sushi domain-containing","Drake et al., 2013","Montipora_capitata_HIv3___RNAseq.g47650.t1c"
"230","P15_g1532","CARP9","Drake et al., 2013","Montipora_capitata_HIv3___RNAseq.g4627.t1"
"231","P16_g11702","Stylophora pistillata clone g11702 hypothetical protein gene","Drake et al., 2013","Montipora_capitata_HIv3___RNAseq.g5193.t1a"
"232","P19_g20041","Contactin-associated protein","Drake et al., 2013","Montipora_capitata_HIv3___RNAseq.g25201.t1a"
"233","P19_g20041","Contactin-associated protein","Drake et al., 2013","Montipora_capitata_HIv3___RNAseq.g492.t1b"
"234","P2_g11187","CARP8","Drake et al., 2013","Montipora_capitata_HIv3___RNAseq.g4767.t1"
"235","P20_g6066","MAM domain anchor protein","Drake et al., 2013","Montipora_capitata_HIv3___RNAseq.g49409.t1"
"236","P21_g18277","Zona pellucida","Drake et al., 2013","Montipora_capitata_HIv3___RNAseq.42070_t"
"237","P22_g19762","Stylophora pistillata clone g19762 hypothetical protein gene","Drake et al., 2013","Montipora_capitata_HIv3___TS.g19151.t1"
"238","P23_g1057","Protocadherin","Drake et al., 2013","Montipora_capitata_HIv3___TS.g34595.t1"
"239","P24_g15888","clone g15888 vitellogenin-like protein gene","Drake et al., 2013","Montipora_capitata_HIv3___RNAseq.g28064.t1"
"240","P26_g1441","clone g1441 vitellogenin-like protein gene","Drake et al., 2013","Montipora_capitata_HIv3___RNAseq.g34335.t1"
"241","P26_g1441","clone g1441 vitellogenin-like protein gene","Drake et al., 2013","Montipora_capitata_HIv3___RNAseq.g35247.t1"
"242","P27_g18472","Integrin - alpha","Drake et al., 2013","Montipora_capitata_HIv3___TS.g48046.t2a"
"243","P31_g20420","Neurexin","Drake et al., 2013","Montipora_capitata_HIv3___RNAseq.g25201.t1a"
"244","P31_g20420","Neurexin","Drake et al., 2013","Montipora_capitata_HIv3___RNAseq.g492.t1b"
"245","P33_g8985","Flagellar associated protein","Drake et al., 2013","Montipora_capitata_HIv3___RNAseq.33253_t"
"246","P33_g8985","Flagellar associated protein","Drake et al., 2013","Montipora_capitata_HIv3___RNAseq.g33767.t1"
"247","P34_g1714","MAM/LDL receptor domain containing protein","Drake et al., 2013","Montipora_capitata_HIv3___RNAseq.g49409.t1"
"248","P36_g13890","Zonadhesion-like precursor","Drake et al., 2013","Montipora_capitata_HIv3___RNAseq.g49409.t1"
"249","P4_g9861","Viral inclusion protein","Drake et al., 2013","Montipora_capitata_HIv3___RNAseq.g35265.t1"
"250","P4_g9861","Viral inclusion protein","Drake et al., 2013","Montipora_capitata_HIv3___RNAseq.g30619.t1"
"251","P8_g9654","Major yolk protein","Drake et al., 2013","Montipora_capitata_HIv3___TS.g48615.t2"
"252","P9_g10811;P1_g11108;P10_g11107","Protocadherin fat-like","Drake et al., 2013","Montipora_capitata_HIv3___RNAseq.g35507.t1"
"253","P9_g10811;P1_g11108;P10_g11107","Protocadherin fat-like","Drake et al., 2013","Montipora_capitata_HIv3___RNAseq.g46421.t1"
"254","P9_g10811;P1_g11108;P10_g11107","Protocadherin fat-like","Drake et al., 2013","Montipora_capitata_HIv3___RNAseq.g15568.t1"
"255","P9_g10811;P1_g11108;P10_g11107","Protocadherin fat-like","Drake et al., 2013","Montipora_capitata_HIv3___TS.g33233.t1b"
"256","P9_g10811;P1_g11108;P10_g11107","Protocadherin fat-like","Drake et al., 2013","Montipora_capitata_HIv3___RNAseq.g16360.t1"
"257","P9_g10811;P1_g11108;P10_g11107","Protocadherin fat-like","Drake et al., 2013","Montipora_capitata_HIv3___RNAseq.g30847.t1"
"258","P9_g10811;P1_g11108;P10_g11107","Protocadherin fat-like","Drake et al., 2013","Montipora_capitata_HIv3___RNAseq.g20717.t1"
"259","P9_g10811;P1_g11108;P10_g11107","Protocadherin fat-like","Drake et al., 2013","Montipora_capitata_HIv3___TS.g32653.t1"
"260","P9_g10811;P1_g11108;P10_g11107","Protocadherin fat-like","Drake et al., 2013","Montipora_capitata_HIv3___RNAseq.g27327.t1"
"261","P9_g10811;P1_g11108;P10_g11107","Protocadherin fat-like","Drake et al., 2013","Montipora_capitata_HIv3___RNAseq.g8221.t1"
"262","P9_g10811;P1_g11108;P10_g11107","Protocadherin fat-like","Drake et al., 2013","Montipora_capitata_HIv3___RNAseq.g23217.t1"
"263","P9_g10811;P1_g11108;P10_g11107","Protocadherin fat-like","Drake et al., 2013","Montipora_capitata_HIv3___RNAseq.g27228.t1"
"264","P9_g10811;P1_g11108;P10_g11107","Protocadherin fat-like","Drake et al., 2013","Montipora_capitata_HIv3___RNAseq.g423.t1"
"265","P9_g10811;P1_g11108;P10_g11107","Protocadherin fat-like","Drake et al., 2013","Montipora_capitata_HIv3___TS.g36643.t1"
"266","P9_g10811;P1_g11108;P10_g11107","Protocadherin fat-like","Drake et al., 2013","Montipora_capitata_HIv3___RNAseq.g40146.t1"
"267","P9_g10811;P1_g11108;P10_g11107","Protocadherin fat-like","Drake et al., 2013","Montipora_capitata_HIv3___RNAseq.g47629.t1"
"268","P9_g10811;P1_g11108;P10_g11107","Protocadherin fat-like","Drake et al., 2013","Montipora_capitata_HIv3___RNAseq.g45164.t1"
"269","PFX13778.1","Sacsin [Stylophora pistillata]","Peled et al., 2020","Montipora_capitata_HIv3___RNAseq.g13017.t1"
"270","PFX13778.1","Sacsin [Stylophora pistillata]","Peled et al., 2020","Montipora_capitata_HIv3___RNAseq.g13016.t1"
"271","PFX13778.1","Sacsin [Stylophora pistillata]","Peled et al., 2020","Montipora_capitata_HIv3___RNAseq.g13022.t1"
"272","PFX13778.1","Sacsin [Stylophora pistillata]","Peled et al., 2020","Montipora_capitata_HIv3___RNAseq.g13018.t1b"
"273","PFX14205.1","Proto-oncogene tyrosine-protein kinase receptor Ret, partial [Stylophora pistillata]","Peled et al., 2020","Montipora_capitata_HIv3___TS.g15621.t1"
"274","PFX14205.1","Proto-oncogene tyrosine-protein kinase receptor Ret, partial [Stylophora pistillata]","Peled et al., 2020","Montipora_capitata_HIv3___TS.g15617.t1"
"275","PFX14205.1","Proto-oncogene tyrosine-protein kinase receptor Ret, partial [Stylophora pistillata]","Peled et al., 2020","Montipora_capitata_HIv3___RNAseq.g12196.t1"
"276","PFX14205.1","Proto-oncogene tyrosine-protein kinase receptor Ret, partial [Stylophora pistillata]","Peled et al., 2020","Montipora_capitata_HIv3___RNAseq.g31125.t1"
"277","PFX14205.1","Proto-oncogene tyrosine-protein kinase receptor Ret, partial [Stylophora pistillata]","Peled et al., 2020","Montipora_capitata_HIv3___RNAseq.g31120.t1"
"278","PFX15740.1","Protein FAM208A [Stylophora pistillata]","Peled et al., 2020","Montipora_capitata_HIv3___RNAseq.g37554.t1"
"279","PFX15740.1","Protein FAM208A [Stylophora pistillata]","Peled et al., 2020","Montipora_capitata_HIv3___RNAseq.g3881.t1"
"280","PFX15740.1","Protein FAM208A [Stylophora pistillata]","Peled et al., 2020","Montipora_capitata_HIv3___RNAseq.g37570.t1"
"281","PFX16398.1","hypothetical protein AWC38_SpisGene19330 [Stylophora pistillata]","Peled et al., 2020","Montipora_capitata_HIv3___RNAseq.g32166.t1"
"282","PFX18785.1","Mucin-4 [Stylophora pistillata]","Peled et al., 2020","Montipora_capitata_HIv3___RNAseq.g15015.t1"
"283","PFX26597.1","Complement C3 [Stylophora pistillata]","Peled et al., 2020","Montipora_capitata_HIv3___TS.g47501.t1"
"284","PFX27832.1","Poly [ADP-ribose] polymerase 11 [Stylophora pistillata]","Peled et al., 2020","Montipora_capitata_HIv3___RNAseq.g7700.t1"
"285","PFX27832.1","Poly [ADP-ribose] polymerase 11 [Stylophora pistillata]","Peled et al., 2020","Montipora_capitata_HIv3___RNAseq.g14466.t1"
"286","PFX27832.1","Poly [ADP-ribose] polymerase 11 [Stylophora pistillata]","Peled et al., 2020","Montipora_capitata_HIv3___RNAseq.g43046.t1"
"287","PFX27832.1","Poly [ADP-ribose] polymerase 11 [Stylophora pistillata]","Peled et al., 2020","Montipora_capitata_HIv3___RNAseq.g24981.t1"
"288","PFX27832.1","Poly [ADP-ribose] polymerase 11 [Stylophora pistillata]","Peled et al., 2020","Montipora_capitata_HIv3___RNAseq.g21760.t1"
"289","PFX27832.1","Poly [ADP-ribose] polymerase 11 [Stylophora pistillata]","Peled et al., 2020","Montipora_capitata_HIv3___RNAseq.g28365.t1"
"290","PFX27832.1","Poly [ADP-ribose] polymerase 11 [Stylophora pistillata]","Peled et al., 2020","Montipora_capitata_HIv3___RNAseq.g24980.t1"
"291","PFX27832.1","Poly [ADP-ribose] polymerase 11 [Stylophora pistillata]","Peled et al., 2020","Montipora_capitata_HIv3___RNAseq.g12337.t1"
"292","PFX30903.1","hypothetical protein AWC38_SpisGene4292 [Stylophora pistillata]","Peled et al., 2020","Montipora_capitata_HIv3___TS.g48046.t2a"
"293","XP_022778283.1","uncharacterized protein LOC111319816, partial [Stylophora pistillata]","Peled et al., 2020","Montipora_capitata_HIv3___RNAseq.g31340.t1"
"294","XP_022778283.1","uncharacterized protein LOC111319816, partial [Stylophora pistillata]","Peled et al., 2020","Montipora_capitata_HIv3___RNAseq.g6546.t1"
"295","XP_022779720.1","vitellogenin-like [Stylophora pistillata]","Peled et al., 2020","Montipora_capitata_HIv3___RNAseq.g28064.t1"
"296","XP_022780690.1","skeletal aspartic acid-rich protein 2-like (CARP5)","Peled et al., 2020","Montipora_capitata_HIv3___RNAseq.g4759.t1"
"297","XP_022781731.1","sodium-independent sulfate anion transporter-like 2C transcript variant X1","Zoccola et al., 2015","Montipora_capitata_HIv3___RNAseq.g6197.t1"
"298","XP_022782398.1","skeletal aspartic acid-rich protein 1-like (CARP4)","Peled et al., 2020","Montipora_capitata_HIv3___RNAseq.g4759.t1"
"299","XP_022783031.1","sodium bicarbonate transporter-like protein 11","Zoccola et al., 2015","Montipora_capitata_HIv3___TS.g25677.t1"
"300","XP_022783044.1","uncharacterized protein LOC111323869 [Stylophora pistillata]","Peled et al., 2020","Montipora_capitata_HIv3___TS.g25668.t1"
"301","XP_022783323.1","phosphopantothenoylcysteine decarboxylase subunit VHS3-like [Stylophora pistillata]","Peled et al., 2020","Montipora_capitata_HIv3___RNAseq.g33971.t1b"
"302","XP_022783952.1","collagenase 3-like [Stylophora pistillata]","Peled et al., 2020","Montipora_capitata_HIv3___RNAseq.g29982.t1"
"303","XP_022784623.1","cation channel sperm-associated protein subunit beta-like [Stylophora pistillata]","Peled et al., 2020","Montipora_capitata_HIv3___TS.g37210.t1"
"304","XP_022786582.1","synapsin-2-like isoform X2 [Stylophora pistillata]","Peled et al., 2020","Montipora_capitata_HIv3___RNAseq.g26427.t1"
"305","XP_022786582.1","synapsin-2-like isoform X2 [Stylophora pistillata]","Peled et al., 2020","Montipora_capitata_HIv3___TS.g9671.t1"
"306","XP_022786918.1","major yolk protein-like isoform X2 [Stylophora pistillata]","Peled et al., 2020","Montipora_capitata_HIv3___TS.g48615.t2"
"307","XP_022788227.1","hephaestin-like protein [Stylophora pistillata]","Peled et al., 2020","Montipora_capitata_HIv3___RNAseq.g26563.t2"
"308","XP_022788270.1","band 3 anion transport protein-like","Zoccola et al., 2015","Montipora_capitata_HIv3___RNAseq.g44456.t1"
"309","XP_022789591.1","endothelin-converting enzyme 1-like isoform X2 [Stylophora pistillata]","Peled et al., 2020","Montipora_capitata_HIv3___RNAseq.g30083.t1"
"310","XP_022789932.1","MAGUK p55 subfamily member 7-like [Stylophora pistillata]","Peled et al., 2020","Montipora_capitata_HIv3___RNAseq.g44905.t1"
"311","XP_022790441.1","PHD finger protein 21A-like [Stylophora pistillata]","Peled et al., 2020","Montipora_capitata_HIv3___RNAseq.g5033.t1"
"312","XP_022791567.1","anion exchange protein 2-like","Zoccola et al., 2015","Montipora_capitata_HIv3___RNAseq.g36393.t1"
"313","XP_022794351.1","mammalian ependymin-related protein 1-like [Stylophora pistillata]","Peled et al., 2020","Montipora_capitata_HIv3___RNAseq.g15205.t1"
"314","XP_022794736.1","MAM and LDL-receptor class A domain-containing protein 2-like [Stylophora pistillata]","Peled et al., 2020","Montipora_capitata_HIv3___RNAseq.g49409.t1"
"315","XP_022798902.1","low-density lipoprotein receptor-related protein 8-like [Stylophora pistillata]","Peled et al., 2020","Montipora_capitata_HIv3___RNAseq.g20466.t3"
"316","XP_022799541.1","uncharacterized protein LOC111337489 [Stylophora pistillata]","Peled et al., 2020","Montipora_capitata_HIv3___RNAseq.g44002.t1b"
"317","XP_022799541.1","uncharacterized protein LOC111337489 [Stylophora pistillata]","Peled et al., 2020","Montipora_capitata_HIv3___RNAseq.g44003.t1"
"318","XP_022800339.1","sulfate anion transporter 1-like isoform X1","Zoccola et al., 2015","Montipora_capitata_HIv3___RNAseq.g24161.t1"
"319","XP_022801463.1","sodium bicarbonate cotransporter 3-like isoform X2","Zoccola et al., 2015","Montipora_capitata_HIv3___TS.g27259.t2"
"320","XP_022803524.1","digestive cysteine proteinase 1-like [Stylophora pistillata]","Peled et al., 2020","Montipora_capitata_HIv3___RNAseq.4946_t"
"321","XP_022803808.1","deleted in malignant brain tumors 1 protein-like [Stylophora pistillata]","Peled et al., 2020","Montipora_capitata_HIv3___RNAseq.g38854.t1"
"322","XP_022803808.1","deleted in malignant brain tumors 1 protein-like [Stylophora pistillata]","Peled et al., 2020","Montipora_capitata_HIv3___RNAseq.g38848.t1"
"323","XP_022803808.1","deleted in malignant brain tumors 1 protein-like [Stylophora pistillata]","Peled et al., 2020","Montipora_capitata_HIv3___TS.g31364.t1"
"324","XP_022803808.1","deleted in malignant brain tumors 1 protein-like [Stylophora pistillata]","Peled et al., 2020","Montipora_capitata_HIv3___TS.g14201.t1"
"325","XP_022803808.1","deleted in malignant brain tumors 1 protein-like [Stylophora pistillata]","Peled et al., 2020","Montipora_capitata_HIv3___RNAseq.g38853.t1"
"326","XP_022804012.1","EGF and laminin G domain-containing protein-like [Stylophora pistillata]","Peled et al., 2020","Montipora_capitata_HIv3___RNAseq.g25201.t1a"
"327","XP_022804012.1","EGF and laminin G domain-containing protein-like [Stylophora pistillata]","Peled et al., 2020","Montipora_capitata_HIv3___RNAseq.g492.t1b"
"328","XP_022804785.1","thioredoxin reductase 1, cytoplasmic-like [Stylophora pistillata]","Peled et al., 2020","Montipora_capitata_HIv3___TS.g10995.t1"
"329","XP_022805470.1","uncharacterized protein LOC111342641 [Stylophora pistillata]","Peled et al., 2020","Montipora_capitata_HIv3___RNAseq.g30203.t1"
"330","XP_022806326.1","ZP domain-containing protein-like [Stylophora pistillata]","Peled et al., 2020","Montipora_capitata_HIv3___RNAseq.42070_t"
"331","XP_022806664.1","protein lingerer-like [Stylophora pistillata]","Peled et al., 2020","Montipora_capitata_HIv3___RNAseq.g47479.t1"
"332","XP_022806928.1","SLIT-ROBO Rho GTPase-activating protein 1-like [Stylophora pistillata]","Peled et al., 2020","Montipora_capitata_HIv3___RNAseq.g15673.t1"
"333","XP_022807143.1","condensin-2 complex subunit D3-like [Stylophora pistillata]","Peled et al., 2020","Montipora_capitata_HIv3___TS.g4504.t1"
"334","XP_022807256.1","uncharacterized protein LOC111344300 [Stylophora pistillata]","Peled et al., 2020","Montipora_capitata_HIv3___TS.g12345.t1"
"335","XP_022807256.1","uncharacterized protein LOC111344300 [Stylophora pistillata]","Peled et al., 2020","Montipora_capitata_HIv3___RNAseq.g1090.t1"
"336","XP_022807256.1","uncharacterized protein LOC111344300 [Stylophora pistillata]","Peled et al., 2020","Montipora_capitata_HIv3___RNAseq.g12425.t1"
"337","XP_022807256.1","uncharacterized protein LOC111344300 [Stylophora pistillata]","Peled et al., 2020","Montipora_capitata_HIv3___TS.g49916.t2"
"338","XP_022807256.1","uncharacterized protein LOC111344300 [Stylophora pistillata]","Peled et al., 2020","Montipora_capitata_HIv3___RNAseq.g32415.t1c"
"339","XP_022807256.1","uncharacterized protein LOC111344300 [Stylophora pistillata]","Peled et al., 2020","Montipora_capitata_HIv3___RNAseq.g32416.t1"
"340","XP_022807256.1","uncharacterized protein LOC111344300 [Stylophora pistillata]","Peled et al., 2020","Montipora_capitata_HIv3___RNAseq.g49727.t1"
"341","XP_022807256.1","uncharacterized protein LOC111344300 [Stylophora pistillata]","Peled et al., 2020","Montipora_capitata_HIv3___RNAseq.g16343.t1"
"342","XP_022807256.1","uncharacterized protein LOC111344300 [Stylophora pistillata]","Peled et al., 2020","Montipora_capitata_HIv3___RNAseq.g12356.t1"
"343","XP_022807807.1","uncharacterized protein LOC111344812 [Stylophora pistillata]","Peled et al., 2020","Montipora_capitata_HIv3___RNAseq.g7560.t1"
"344","XP_022807807.1","uncharacterized protein LOC111344812 [Stylophora pistillata]","Peled et al., 2020","Montipora_capitata_HIv3___RNAseq.g7550.t1"
"345","XP_022808163.1","uncharacterized protein LOC111345150 [Stylophora pistillata]","Peled et al., 2020","Montipora_capitata_HIv3___RNAseq.g41157.t1"
"346","XP_022808163.1","uncharacterized protein LOC111345150 [Stylophora pistillata]","Peled et al., 2020","Montipora_capitata_HIv3___TS.g17648.t1"
"347","XP_022809269.1","microtubule-associated tumor suppressor 1 homolog isoform X1 [Stylophora pistillata]","Peled et al., 2020","Montipora_capitata_HIv3___RNAseq.g26611.t1"
"348","XP_022809270.1","microtubule-associated tumor suppressor 1 homolog isoform X2 [Stylophora pistillata]","Peled et al., 2020","Montipora_capitata_HIv3___RNAseq.g26611.t1"
