"","accessionnumber_gene_id","definition","ref","Pcomp_gene"
"1","AAD11470.1","L-type calcium channel alpha-1 subunit","Zoccola et al., 1999","Porites_compressa_HIv1___RNAseq.g22970.t1"
"2","AAD11470.1","L-type calcium channel alpha-1 subunit","Zoccola et al., 1999","Porites_compressa_HIv1___RNAseq.g22969.t1"
"3","AAR13013.1","plasma membrane calcium ATPase [Stylophora pistillata]","Zoccola et al., 2004","Porites_compressa_HIv1___TS.g40285.t1"
"4","AGE35225.2","CARP1 [Stylophora pistillata]","Mass et al., 2013","Porites_compressa_HIv1___RNAseq.g36363.t1"
"5","AGE35226.1","CARP3 [Stylophora pistillata]","Mass et al., 2013","Porites_compressa_HIv1___TS.g30520.t1"
"6","AGG36361.1","Annotated: Protoacadherin (PC4)","Drake et al., 2013","Porites_compressa_HIv1___RNAseq.g25789.t1"
"7","AJQ31790.1","solute carrier family 4 member gamma [Stylophora pistillata]","Zoccola et al., 2015","Porites_compressa_HIv1___RNAseq.g31477.t1"
"8","aug_v2a.01440.t1(aug_v2a.01441.t1)","Adi-SAARP2","Takeuchi et al., 2016","Porites_compressa_HIv1___TS.g16068.t1"
"9","aug_v2a.02830","polycystic kidney disease 1-related (PKD1-related) protein","Takeuchi et al., 2016","Porites_compressa_HIv1___RNAseq.g9090.t1"
"10","aug_v2a.02830.t1","polycystic kidney disease 1-related (PKD1-related) protein","Takeuchi et al., 2016","Porites_compressa_HIv1___RNAseq.g9090.t1"
"11","aug_v2a.06122.t1","EGF and laminin G domain-containing protein","Takeuchi et al., 2016","Porites_compressa_HIv1___RNAseq.g24347.t1"
"12","aug_v2a.06123.t1","EGF and laminin G domain-containing protein","Takeuchi et al., 2016","Porites_compressa_HIv1___RNAseq.g24347.t1"
"13","aug_v2a.06327.t1","SAARP3","Takeuchi et al., 2016","Porites_compressa_HIv1___RNAseq.g38264.t1"
"14","aug_v2a.07627.t1","Zona pellucida domain-containing protein","Takeuchi et al., 2016","Porites_compressa_HIv1___RNAseq.g24910.t1"
"15","aug_v2a.09809.t1","Mucin4-like protein","Takeuchi et al., 2016","Porites_compressa_HIv1___RNAseq.g1423.t1a"
"16","aug_v2a.09809.t1","Mucin4-like protein","Takeuchi et al., 2016","Porites_compressa_HIv1___RNAseq.g1423.t1b"
"17","aug_v2a.09968.t1","MAM and LDLr domain-containing protein","Takeuchi et al., 2016","Porites_compressa_HIv1___RNAseq.g13565.t1"
"18","aug_v2a.09968.t1","MAM and LDLr domain-containing protein","Takeuchi et al., 2016","Porites_compressa_HIv1___RNAseq.g25717.t1"
"19","aug_v2a.09969.t1","MAM and LDLr domain-containing protein","Takeuchi et al., 2016","Porites_compressa_HIv1___RNAseq.g13565.t1"
"20","aug_v2a.09969.t1","MAM and LDLr domain-containing protein","Takeuchi et al., 2016","Porites_compressa_HIv1___RNAseq.g25717.t1"
"21","aug_v2a.11068.t1","SAARP1","Takeuchi et al., 2016","Porites_compressa_HIv1___TS.g16068.t1"
"22","aug_v2a.15065.t1","galaxin2","Takeuchi et al., 2016","Porites_compressa_HIv1___RNAseq.g34582.t1"
"23","aug_v2a.15580.t1","Laminin G domain-containing protein","Takeuchi et al., 2016","Porites_compressa_HIv1___RNAseq.g24347.t1"
"24","aug_v2a.18631.t1","galaxin","Takeuchi et al., 2016","Porites_compressa_HIv1___RNAseq.g34582.t1"
"25","aug_v2a.19518.t1","Protocadherin-like","Takeuchi et al., 2016","Porites_compressa_HIv1___RNAseq.g25789.t1"
"26","aug_v2a.24015.t1","Hephaestin-like protein","Takeuchi et al., 2016","Porites_compressa_HIv1___RNAseq.g30352.t1"
"27","aug_v2a.24512.t1","EGF and laminin G domain-containing protein","Takeuchi et al., 2016","Porites_compressa_HIv1___RNAseq.g24347.t1"
"28","Gene:g3745.t1","Annotated: CARP4","Mummadisetti et al., 2021","Porites_compressa_HIv1___TS.g16068.t1"
"29","Gene:10186","Annotated: Protocadherin (PC2)","Mummadisetti et al., 2021","Porites_compressa_HIv1___RNAseq.g25789.t1"
"30","Gene:g10186","Annotated: CARP4","Mummadisetti et al., 2021","Porites_compressa_HIv1___TS.g16068.t1"
"31","Gene:g10187","Annotated: Protocadherin (PC3)","Mummadisetti et al., 2021","Porites_compressa_HIv1___RNAseq.g25789.t1"
"32","Gene:g10188","Annotated: Protocadherin (PC3)","Mummadisetti et al., 2021","Porites_compressa_HIv1___RNAseq.g25789.t1"
"33","Gene:g11190","Annotated: USOMP12","Mummadisetti et al., 2021","Porites_compressa_HIv1___RNAseq.g6391.t1"
"34","Gene:g13552","Acidic SOMP (Full-Length p27)","Mummadisetti et al., 2021","Porites_compressa_HIv1___RNAseq.g38264.t1"
"35","Gene:g14733","Annotated: CARP4","Mummadisetti et al., 2021","Porites_compressa_HIv1___TS.g16068.t1"
"36","Gene:g1484","Annotated: CARP1","Mummadisetti et al., 2021","Porites_compressa_HIv1___RNAseq.g36363.t1"
"37","Gene:g15294.t1","Annotated: Vitellogenin","Mummadisetti et al., 2021","Porites_compressa_HIv1___TS.g13466.t1c"
"38","Gene:g15955","Annotated: MAM and LDL receptor-containing protein (MAM LDL-2)","Mummadisetti et al., 2021","Porites_compressa_HIv1___RNAseq.g13565.t1"
"39","Gene:g15955","Annotated: MAM and LDL receptor-containing protein (MAM LDL-2)","Mummadisetti et al., 2021","Porites_compressa_HIv1___RNAseq.g25717.t1"
"40","Gene:g2115","Annotated: Cadherin","Mummadisetti et al., 2021","Porites_compressa_HIv1___RNAseq.g25789.t1"
"41","Gene:g2116","Annotated: Protocadherin (PC1)","Mummadisetti et al., 2021","Porites_compressa_HIv1___RNAseq.g25789.t1"
"42","Gene:g22569","Annotated: Fibronectin","Mummadisetti et al., 2021","Porites_compressa_HIv1___RNAseq.g30551.t1a"
"43","Gene:g22569","Annotated: Fibronectin","Mummadisetti et al., 2021","Porites_compressa_HIv1___RNAseq.g30560.t1"
"44","Gene:g22569","Annotated: Fibronectin","Mummadisetti et al., 2021","Porites_compressa_HIv1___RNAseq.g30562.t1"
"45","Gene:g22569","Annotated: Fibronectin","Mummadisetti et al., 2021","Porites_compressa_HIv1___TS.g29656.t1"
"46","Gene:g22569","Annotated: Fibronectin","Mummadisetti et al., 2021","Porites_compressa_HIv1___TS.g29650.t1"
"47","Gene:g22569","Annotated: Fibronectin","Mummadisetti et al., 2021","Porites_compressa_HIv1___RNAseq.g30565.t1"
"48","Gene:g22569","Annotated: Fibronectin","Mummadisetti et al., 2021","Porites_compressa_HIv1___RNAseq.g30551.t1b"
"49","Gene:g22569","Annotated: Fibronectin","Mummadisetti et al., 2021","Porites_compressa_HIv1___RNAseq.g30549.t1"
"50","Gene:g22569","Annotated: Fibronectin","Mummadisetti et al., 2021","Porites_compressa_HIv1___RNAseq.g30557.t1"
"51","Gene:g22569","Annotated: Fibronectin","Mummadisetti et al., 2021","Porites_compressa_HIv1___RNAseq.g30548.t1"
"52","Gene:g22569","Annotated: Fibronectin","Mummadisetti et al., 2021","Porites_compressa_HIv1___RNAseq.g30545.t1"
"53","Gene:g22569","Annotated: Fibronectin","Mummadisetti et al., 2021","Porites_compressa_HIv1___RNAseq.g30556.t1b"
"54","Gene:g22569","Annotated: Fibronectin","Mummadisetti et al., 2021","Porites_compressa_HIv1___RNAseq.g30556.t1a"
"55","Gene:g24177","Annotated: Protocadherin (PC5)","Mummadisetti et al., 2021","Porites_compressa_HIv1___RNAseq.g27942.t1"
"56","Gene:g2829","Annotated: Thrombospondin-like protein (Thrombospondin)","Mummadisetti et al., 2021","Porites_compressa_HIv1___TS.g12750.t2"
"57","Gene:g2829","Annotated: Thrombospondin-like protein (Thrombospondin)","Mummadisetti et al., 2021","Porites_compressa_HIv1___RNAseq.g41606.t1a"
"58","Gene:g2829","Annotated: Thrombospondin-like protein (Thrombospondin)","Mummadisetti et al., 2021","Porites_compressa_HIv1___RNAseq.g41604.t1"
"59","Gene:g2829","Annotated: Thrombospondin-like protein (Thrombospondin)","Mummadisetti et al., 2021","Porites_compressa_HIv1___RNAseq.g41603.t1"
"60","Gene:g2829.t1","Annotated: Coadhesin","Mummadisetti et al., 2021","Porites_compressa_HIv1___TS.g12750.t2"
"61","Gene:g2829.t1","Annotated: Coadhesin","Mummadisetti et al., 2021","Porites_compressa_HIv1___RNAseq.g41606.t1a"
"62","Gene:g2829.t1","Annotated: Coadhesin","Mummadisetti et al., 2021","Porites_compressa_HIv1___RNAseq.g41604.t1"
"63","Gene:g2829.t1","Annotated: Coadhesin","Mummadisetti et al., 2021","Porites_compressa_HIv1___RNAseq.g41603.t1"
"64","Gene:g30","Annotated: Protoacadherin (PC4)","Mummadisetti et al., 2021","Porites_compressa_HIv1___RNAseq.g25789.t1"
"65","Gene:g30385.t1","Annotated: USOMPS13","Mummadisetti et al., 2021","Porites_compressa_HIv1___RNAseq.g39112.t1"
"66","Gene:g34749","Annotated: EGF and LamininG-Like (EGF LamG2)","Mummadisetti et al., 2021","Porites_compressa_HIv1___RNAseq.g24347.t1"
"67","Gene:g37058","Annotated: Fibronectin (Fibronectin-2)","Mummadisetti et al., 2021","Porites_compressa_HIv1___RNAseq.g30551.t1a"
"68","Gene:g37058","Annotated: Fibronectin (Fibronectin-2)","Mummadisetti et al., 2021","Porites_compressa_HIv1___RNAseq.g30560.t1"
"69","Gene:g37058","Annotated: Fibronectin (Fibronectin-2)","Mummadisetti et al., 2021","Porites_compressa_HIv1___RNAseq.g30562.t1"
"70","Gene:g37058","Annotated: Fibronectin (Fibronectin-2)","Mummadisetti et al., 2021","Porites_compressa_HIv1___TS.g29656.t1"
"71","Gene:g37058","Annotated: Fibronectin (Fibronectin-2)","Mummadisetti et al., 2021","Porites_compressa_HIv1___TS.g29650.t1"
"72","Gene:g37058","Annotated: Fibronectin (Fibronectin-2)","Mummadisetti et al., 2021","Porites_compressa_HIv1___RNAseq.g30566.t1"
"73","Gene:g37058","Annotated: Fibronectin (Fibronectin-2)","Mummadisetti et al., 2021","Porites_compressa_HIv1___RNAseq.g30565.t1"
"74","Gene:g37058","Annotated: Fibronectin (Fibronectin-2)","Mummadisetti et al., 2021","Porites_compressa_HIv1___RNAseq.g30551.t1b"
"75","Gene:g37058","Annotated: Fibronectin (Fibronectin-2)","Mummadisetti et al., 2021","Porites_compressa_HIv1___RNAseq.g30549.t1"
"76","Gene:g37058","Annotated: Fibronectin (Fibronectin-2)","Mummadisetti et al., 2021","Porites_compressa_HIv1___RNAseq.g30557.t1"
"77","Gene:g37058","Annotated: Fibronectin (Fibronectin-2)","Mummadisetti et al., 2021","Porites_compressa_HIv1___RNAseq.g30548.t1"
"78","Gene:g37058","Annotated: Fibronectin (Fibronectin-2)","Mummadisetti et al., 2021","Porites_compressa_HIv1___RNAseq.g30545.t1"
"79","Gene:g37058","Annotated: Fibronectin (Fibronectin-2)","Mummadisetti et al., 2021","Porites_compressa_HIv1___RNAseq.g30556.t1b"
"80","Gene:g37058","Annotated: Fibronectin (Fibronectin-2)","Mummadisetti et al., 2021","Porites_compressa_HIv1___RNAseq.g30556.t1a"
"81","Gene:g38881","Annotated: Uncharacterized protein (USOMP14)","Mummadisetti et al., 2021","Porites_compressa_HIv1___RNAseq.g26707.t1"
"82","Gene:g38881","Annotated: Uncharacterized protein (USOMP14)","Mummadisetti et al., 2021","Porites_compressa_HIv1___TS.g30128.t1"
"83","Gene:g38881","Annotated: Uncharacterized protein (USOMP14)","Mummadisetti et al., 2021","Porites_compressa_HIv1___RNAseq.g41223.t1"
"84","Gene:g38881","Annotated: Uncharacterized protein (USOMP14)","Mummadisetti et al., 2021","Porites_compressa_HIv1___RNAseq.g41250.t1"
"85","Gene:g38881","Annotated: Uncharacterized protein (USOMP14)","Mummadisetti et al., 2021","Porites_compressa_HIv1___RNAseq.g41219.t1"
"86","Gene:g39770","Annotated: Kielin-Like","Mummadisetti et al., 2021","Porites_compressa_HIv1___RNAseq.g28143.t1"
"87","Gene:g39770","Annotated: Kielin-Like","Mummadisetti et al., 2021","Porites_compressa_HIv1___RNAseq.g28144.t1"
"88","Gene:g39770","Annotated: Kielin-Like","Mummadisetti et al., 2021","Porites_compressa_HIv1___RNAseq.g28145.t1"
"89","Gene:g5735.t1","Annotated: Tolloid-Like","Mummadisetti et al., 2021","Porites_compressa_HIv1___RNAseq.g13763.t1"
"90","Gene:g7086","Annotated: EGF and LamininG-Like (EGF LamG1)","Mummadisetti et al., 2021","Porites_compressa_HIv1___RNAseq.g24347.t1"
"91","Gene:g907","Annotated: Zona Pellucida (ZP domain-containing)","Mummadisetti et al., 2021","Porites_compressa_HIv1___RNAseq.g24910.t1"
"92","Gene:g9094","Annotated: Actin","Mummadisetti et al., 2021","Porites_compressa_HIv1___RNAseq.g41010.t1"
"93","Gene:g9094","Annotated: Actin","Mummadisetti et al., 2021","Porites_compressa_HIv1___RNAseq.g20317.t1"
"94","Gene:g9094","Annotated: Actin","Mummadisetti et al., 2021","Porites_compressa_HIv1___RNAseq.g20383.t1"
"95","Gene:g9094","Annotated: Actin","Mummadisetti et al., 2021","Porites_compressa_HIv1___RNAseq.g20291.t1"
"96","Gene:g9094","Annotated: Actin","Mummadisetti et al., 2021","Porites_compressa_HIv1___RNAseq.g20293.t1"
"97","Gene:g9094","Annotated: Actin","Mummadisetti et al., 2021","Porites_compressa_HIv1___RNAseq.g20294.t1"
"98","Gene:g9094","Annotated: Actin","Mummadisetti et al., 2021","Porites_compressa_HIv1___TS.g3744.t1"
"99","Gene:g9094","Annotated: Actin","Mummadisetti et al., 2021","Porites_compressa_HIv1___RNAseq.g20295.t1"
"100","Gene:g9094","Annotated: Actin","Mummadisetti et al., 2021","Porites_compressa_HIv1___RNAseq.g41702.t1"
"101","JN631095.1","Acropora millepora clone B26 hypothetical protein p251_4","Hayward et al., 2011","Porites_compressa_HIv1___RNAseq.g24910.t1"
"102","JR971508.1","Uncharacterized skeletal organic matrix protein-6 (USOMP6)","Ramos-Silva et al., 2013","Porites_compressa_HIv1___RNAseq.g10334.t1"
"103","JR972076.1","Acidic skeletal organic matrix protein (Acidic SOMP)","Ramos-Silva et al., 2013","Porites_compressa_HIv1___RNAseq.g38264.t1"
"104","JR976690.1","Galaxin 2","Ramos-Silva et al., 2013","Porites_compressa_HIv1___RNAseq.g34582.t1"
"105","JR980881.1","EGF and laminin G domain-containing protein","Ramos-Silva et al., 2013","Porites_compressa_HIv1___RNAseq.g24347.t1"
"106","JR986059.1","Cephalotoxin-like protein","Ramos-Silva et al., 2013","Porites_compressa_HIv1___RNAseq.g40808.t1"
"107","JR991083.1","Collagen alpha-1 chain","Ramos-Silva et al., 2013","Porites_compressa_HIv1___RNAseq.g6595.t1"
"108","JR991407.1","Skeletal acidic Asp-rich Protein 2 (SAARP2)","Ramos-Silva et al., 2013","Porites_compressa_HIv1___TS.g16068.t1"
"109","JR994474.1","MAM and LDL-receptor domain- containing protein 2","Ramos-Silva et al., 2013","Porites_compressa_HIv1___RNAseq.g13565.t1"
"110","JR994474.1","MAM and LDL-receptor domain- containing protein 2","Ramos-Silva et al., 2013","Porites_compressa_HIv1___RNAseq.g25717.t1"
"111","JR997000.1","Uncharacterized skeletal organic matrix protein-3  (USOMP-3)","Ramos-Silva et al., 2013","Porites_compressa_HIv1___RNAseq.g6872.t1"
"112","JR998014.1","Putative carbonic anhydrase","Ramos-Silva et al., 2013","Porites_compressa_HIv1___RNAseq.g12456.t1"
"113","JR998014.1","Putative carbonic anhydrase","Ramos-Silva et al., 2013","Porites_compressa_HIv1___TS.g4189.t1"
"114","JR998014.1","Putative carbonic anhydrase","Ramos-Silva et al., 2013","Porites_compressa_HIv1___RNAseq.g12426.t1"
"115","JR998014.1","Putative carbonic anhydrase","Ramos-Silva et al., 2013","Porites_compressa_HIv1___TS.g4166.t1"
"116","JR998014.1","Putative carbonic anhydrase","Ramos-Silva et al., 2013","Porites_compressa_HIv1___RNAseq.g12439.t1"
"117","JR998014.1","Putative carbonic anhydrase","Ramos-Silva et al., 2013","Porites_compressa_HIv1___TS.g4167.t1"
"118","JR998014.1","Putative carbonic anhydrase","Ramos-Silva et al., 2013","Porites_compressa_HIv1___RNAseq.g12433.t1"
"119","JR998014.1","Putative carbonic anhydrase","Ramos-Silva et al., 2013","Porites_compressa_HIv1___TS.g4169.t1"
"120","JT001945.1","Skeletal acidic Asp-rich Protein 1 (SAARP 1)","Ramos-Silva et al., 2013","Porites_compressa_HIv1___TS.g16068.t1"
"121","JT004498.1","Uncharacterized skeletal organic matrix protein-4  (USOMP-4)","Ramos-Silva et al., 2013","Porites_compressa_HIv1___TS.g16068.t1"
"122","JT011118.1","MAM and LDL-receptor domain- containing protein 1","Ramos-Silva et al., 2013","Porites_compressa_HIv1___RNAseq.g13565.t1"
"123","JT011118.1","MAM and LDL-receptor domain- containing protein 1","Ramos-Silva et al., 2013","Porites_compressa_HIv1___RNAseq.g25717.t1"
"124","JT014391.1","Uncharacterized skeletal organic matrix protein-8 (USOMP-8)","Ramos-Silva et al., 2013","Porites_compressa_HIv1___RNAseq.g22060.t1"
"125","JT014391.1","Uncharacterized skeletal organic matrix protein-8 (USOMP-8)","Ramos-Silva et al., 2013","Porites_compressa_HIv1___RNAseq.g14212.t1"
"126","JT014391.1","Uncharacterized skeletal organic matrix protein-8 (USOMP-8)","Ramos-Silva et al., 2013","Porites_compressa_HIv1___RNAseq.g22068.t1"
"127","JT014391.1","Uncharacterized skeletal organic matrix protein-8 (USOMP-8)","Ramos-Silva et al., 2013","Porites_compressa_HIv1___TS.g20440.t1"
"128","JT014391.1","Uncharacterized skeletal organic matrix protein-8 (USOMP-8)","Ramos-Silva et al., 2013","Porites_compressa_HIv1___TS.g8581.t1"
"129","JT014391.1","Uncharacterized skeletal organic matrix protein-8 (USOMP-8)","Ramos-Silva et al., 2013","Porites_compressa_HIv1___RNAseq.g22057.t1"
"130","MG182344.1","Acropora yongei Na+/Ca2+ exchanger","Barron et al., 2018","Porites_compressa_HIv1___RNAseq.g23488.t1"
"131","MG182345.1","Acropora yongei Na+/Ca2+ exchanger","Barron et al., 2018","Porites_compressa_HIv1___RNAseq.g20097.t1"
"132","P12_g2385","Stylophora pistillata hypothetical protein","Drake et al., 2013","Porites_compressa_HIv1___RNAseq.g14213.t1"
"133","P13_g6918","Sushi domain-containing","Drake et al., 2013","Porites_compressa_HIv1___RNAseq.g24023.t1"
"134","P13_g6918","Sushi domain-containing","Drake et al., 2013","Porites_compressa_HIv1___RNAseq.g24009.t1"
"135","P13_g6918","Sushi domain-containing","Drake et al., 2013","Porites_compressa_HIv1___RNAseq.g24029.t1"
"136","P14_g9951","clone g9951 alpha collagen-like protein gene","Drake et al., 2013","Porites_compressa_HIv1___TS.g12750.t2"
"137","P14_g9951","clone g9951 alpha collagen-like protein gene","Drake et al., 2013","Porites_compressa_HIv1___RNAseq.g41606.t1a"
"138","P14_g9951","clone g9951 alpha collagen-like protein gene","Drake et al., 2013","Porites_compressa_HIv1___RNAseq.g41604.t1"
"139","P14_g9951","clone g9951 alpha collagen-like protein gene","Drake et al., 2013","Porites_compressa_HIv1___RNAseq.g41603.t1"
"140","P15_g1532","CARP9","Drake et al., 2013","Porites_compressa_HIv1___RNAseq.g18874.t1a"
"141","P15_g1532","CARP9","Drake et al., 2013","Porites_compressa_HIv1___TS.g12750.t2"
"142","P15_g1532","CARP9","Drake et al., 2013","Porites_compressa_HIv1___RNAseq.g41606.t1a"
"143","P15_g1532","CARP9","Drake et al., 2013","Porites_compressa_HIv1___RNAseq.g41604.t1"
"144","P15_g1532","CARP9","Drake et al., 2013","Porites_compressa_HIv1___RNAseq.g41603.t1"
"145","P16_g11702","Stylophora pistillata clone g11702 hypothetical protein gene","Drake et al., 2013","Porites_compressa_HIv1___RNAseq.g39112.t1"
"146","P19_g20041","Contactin-associated protein","Drake et al., 2013","Porites_compressa_HIv1___RNAseq.g24347.t1"
"147","P2_g11187","CARP8","Drake et al., 2013","Porites_compressa_HIv1___TS.g16062.t1"
"148","P20_g6066","MAM domain anchor protein","Drake et al., 2013","Porites_compressa_HIv1___RNAseq.g13565.t1"
"149","P20_g6066","MAM domain anchor protein","Drake et al., 2013","Porites_compressa_HIv1___RNAseq.g25717.t1"
"150","P21_g18277","Zona pellucida","Drake et al., 2013","Porites_compressa_HIv1___RNAseq.g24910.t1"
"151","P22_g19762","Stylophora pistillata clone g19762 hypothetical protein gene","Drake et al., 2013","Porites_compressa_HIv1___RNAseq.g27316.t1"
"152","P23_g1057","Protocadherin","Drake et al., 2013","Porites_compressa_HIv1___RNAseq.g4808.t1"
"153","P24_g15888","clone g15888 vitellogenin-like protein gene","Drake et al., 2013","Porites_compressa_HIv1___TS.g13466.t1c"
"154","P26_g1441","clone g1441 vitellogenin-like protein gene","Drake et al., 2013","Porites_compressa_HIv1___RNAseq.g32098.t1"
"155","P26_g1441","clone g1441 vitellogenin-like protein gene","Drake et al., 2013","Porites_compressa_HIv1___RNAseq.g16811.t1"
"156","P27_g18472","Integrin - alpha","Drake et al., 2013","Porites_compressa_HIv1___RNAseq.g38264.t1"
"157","P28_g11651","Late embryogenesis protein","Drake et al., 2013","Porites_compressa_HIv1___RNAseq.g10334.t1"
"158","P3_g12510","Thrombospondin","Drake et al., 2013","Porites_compressa_HIv1___TS.g12750.t2"
"159","P3_g12510","Thrombospondin","Drake et al., 2013","Porites_compressa_HIv1___RNAseq.g41606.t1a"
"160","P3_g12510","Thrombospondin","Drake et al., 2013","Porites_compressa_HIv1___RNAseq.g41604.t1"
"161","P3_g12510","Thrombospondin","Drake et al., 2013","Porites_compressa_HIv1___RNAseq.g41603.t1"
"162","P31_g20420","Neurexin","Drake et al., 2013","Porites_compressa_HIv1___RNAseq.g24347.t1"
"163","P32_g5540","Kielin/chordin like","Drake et al., 2013","Porites_compressa_HIv1___RNAseq.g28143.t1"
"164","P32_g5540","Kielin/chordin like","Drake et al., 2013","Porites_compressa_HIv1___RNAseq.g28144.t1"
"165","P32_g5540","Kielin/chordin like","Drake et al., 2013","Porites_compressa_HIv1___RNAseq.g28145.t1"
"166","P33_g8985","Flagellar associated protein","Drake et al., 2013","Porites_compressa_HIv1___RNAseq.g19734.t1"
"167","P33_g8985","Flagellar associated protein","Drake et al., 2013","Porites_compressa_HIv1___RNAseq.g19735.t1"
"168","P33_g8985","Flagellar associated protein","Drake et al., 2013","Porites_compressa_HIv1___RNAseq.g32371.t1"
"169","P33_g8985","Flagellar associated protein","Drake et al., 2013","Porites_compressa_HIv1___RNAseq.g32374.t1"
"170","P33_g8985","Flagellar associated protein","Drake et al., 2013","Porites_compressa_HIv1___RNAseq.g32372.t1"
"171","P33_g8985","Flagellar associated protein","Drake et al., 2013","Porites_compressa_HIv1___RNAseq.g32375.t1"
"172","P33_g8985","Flagellar associated protein","Drake et al., 2013","Porites_compressa_HIv1___TS.g26197.t1"
"173","P34_g1714","MAM/LDL receptor domain containing protein","Drake et al., 2013","Porites_compressa_HIv1___RNAseq.g13565.t1"
"174","P34_g1714","MAM/LDL receptor domain containing protein","Drake et al., 2013","Porites_compressa_HIv1___RNAseq.g25717.t1"
"175","P36_g13890","Zonadhesion-like precursor","Drake et al., 2013","Porites_compressa_HIv1___RNAseq.g13565.t1"
"176","P36_g13890","Zonadhesion-like precursor","Drake et al., 2013","Porites_compressa_HIv1___RNAseq.g25717.t1"
"177","P4_g9861","Viral inclusion protein","Drake et al., 2013","Porites_compressa_HIv1___TS.g1597.t1"
"178","P5_g11674","Hemicentin","Drake et al., 2013","Porites_compressa_HIv1___TS.g12750.t2"
"179","P5_g11674","Hemicentin","Drake et al., 2013","Porites_compressa_HIv1___RNAseq.g41606.t1a"
"180","P5_g11674","Hemicentin","Drake et al., 2013","Porites_compressa_HIv1___RNAseq.g41604.t1"
"181","P5_g11674","Hemicentin","Drake et al., 2013","Porites_compressa_HIv1___RNAseq.g41603.t1"
"182","P8_g9654","Major yolk protein","Drake et al., 2013","Porites_compressa_HIv1___RNAseq.g11408.t1"
"183","P9_g10811;P1_g11108;P10_g11107","Protocadherin fat-like","Drake et al., 2013","Porites_compressa_HIv1___RNAseq.g25789.t1"
"184","PFX14205.1","Proto-oncogene tyrosine-protein kinase receptor Ret, partial [Stylophora pistillata]","Peled et al., 2020","Porites_compressa_HIv1___RNAseq.g8280.t1"
"185","PFX14205.1","Proto-oncogene tyrosine-protein kinase receptor Ret, partial [Stylophora pistillata]","Peled et al., 2020","Porites_compressa_HIv1___RNAseq.g26976.t1"
"186","PFX14205.1","Proto-oncogene tyrosine-protein kinase receptor Ret, partial [Stylophora pistillata]","Peled et al., 2020","Porites_compressa_HIv1___RNAseq.g26752.t1"
"187","PFX14205.1","Proto-oncogene tyrosine-protein kinase receptor Ret, partial [Stylophora pistillata]","Peled et al., 2020","Porites_compressa_HIv1___RNAseq.g30591.t1"
"188","PFX15740.1","Protein FAM208A [Stylophora pistillata]","Peled et al., 2020","Porites_compressa_HIv1___RNAseq.g3571.t1"
"189","PFX16398.1","hypothetical protein AWC38_SpisGene19330 [Stylophora pistillata]","Peled et al., 2020","Porites_compressa_HIv1___RNAseq.g5620.t1"
"190","PFX18785.1","Mucin-4 [Stylophora pistillata]","Peled et al., 2020","Porites_compressa_HIv1___RNAseq.g1423.t1a"
"191","PFX18785.1","Mucin-4 [Stylophora pistillata]","Peled et al., 2020","Porites_compressa_HIv1___RNAseq.g1423.t1b"
"192","PFX26597.1","Complement C3 [Stylophora pistillata]","Peled et al., 2020","Porites_compressa_HIv1___TS.g23435.t1"
"193","PFX26597.1","Complement C3 [Stylophora pistillata]","Peled et al., 2020","Porites_compressa_HIv1___RNAseq.g26109.t1"
"194","PFX26597.1","Complement C3 [Stylophora pistillata]","Peled et al., 2020","Porites_compressa_HIv1___RNAseq.g26100.t1"
"195","PFX26597.1","Complement C3 [Stylophora pistillata]","Peled et al., 2020","Porites_compressa_HIv1___RNAseq.g26106.t1"
"196","PFX26597.1","Complement C3 [Stylophora pistillata]","Peled et al., 2020","Porites_compressa_HIv1___RNAseq.g26108.t1"
"197","PFX26597.1","Complement C3 [Stylophora pistillata]","Peled et al., 2020","Porites_compressa_HIv1___RNAseq.g26107.t1"
"198","PFX26751.1","Transmembrane protease serine 9 [Stylophora pistillata]","Peled et al., 2020","Porites_compressa_HIv1___RNAseq.g4494.t1"
"199","PFX30903.1","hypothetical protein AWC38_SpisGene4292 [Stylophora pistillata]","Peled et al., 2020","Porites_compressa_HIv1___RNAseq.g38264.t1"
"200","XP_022779720.1","vitellogenin-like [Stylophora pistillata]","Peled et al., 2020","Porites_compressa_HIv1___TS.g13466.t1c"
"201","XP_022780303.1","LOW QUALITY PROTEIN: uncharacterized protein LOC111321626 [Stylophora pistillata]","Peled et al., 2020","Porites_compressa_HIv1___RNAseq.g41263.t2"
"202","XP_022780303.1","LOW QUALITY PROTEIN: uncharacterized protein LOC111321626 [Stylophora pistillata]","Peled et al., 2020","Porites_compressa_HIv1___RNAseq.g41262.t1"
"203","XP_022780303.1","LOW QUALITY PROTEIN: uncharacterized protein LOC111321626 [Stylophora pistillata]","Peled et al., 2020","Porites_compressa_HIv1___RNAseq.g41260.t1"
"204","XP_022780690.1","skeletal aspartic acid-rich protein 2-like (CARP5)","Peled et al., 2020","Porites_compressa_HIv1___TS.g16068.t1"
"205","XP_022780694.1","CUB and peptidase domain-containing protein 2-like [Stylophora pistillata]","Peled et al., 2020","Porites_compressa_HIv1___RNAseq.g21349.t1"
"206","XP_022781731.1","sodium-independent sulfate anion transporter-like 2C transcript variant X1","Zoccola et al., 2015","Porites_compressa_HIv1___TS.g6177.t1"
"207","XP_022782398.1","skeletal aspartic acid-rich protein 1-like (CARP4)","Peled et al., 2020","Porites_compressa_HIv1___TS.g16068.t1"
"208","XP_022783031.1","sodium bicarbonate transporter-like protein 11","Zoccola et al., 2015","Porites_compressa_HIv1___TS.g5.t1"
"209","XP_022783044.1","uncharacterized protein LOC111323869 [Stylophora pistillata]","Peled et al., 2020","Porites_compressa_HIv1___TS.g1.t1a"
"210","XP_022783044.1","uncharacterized protein LOC111323869 [Stylophora pistillata]","Peled et al., 2020","Porites_compressa_HIv1___RNAseq.g7202.t1"
"211","XP_022783323.1","phosphopantothenoylcysteine decarboxylase subunit VHS3-like [Stylophora pistillata]","Peled et al., 2020","Porites_compressa_HIv1___RNAseq.g6391.t1"
"212","XP_022783415.1","coadhesin-like isoform X3 [Stylophora pistillata]","Peled et al., 2020","Porites_compressa_HIv1___TS.g12750.t2"
"213","XP_022783415.1","coadhesin-like isoform X3 [Stylophora pistillata]","Peled et al., 2020","Porites_compressa_HIv1___RNAseq.g41606.t1a"
"214","XP_022783415.1","coadhesin-like isoform X3 [Stylophora pistillata]","Peled et al., 2020","Porites_compressa_HIv1___RNAseq.g41604.t1"
"215","XP_022783415.1","coadhesin-like isoform X3 [Stylophora pistillata]","Peled et al., 2020","Porites_compressa_HIv1___RNAseq.g41603.t1"
"216","XP_022784623.1","cation channel sperm-associated protein subunit beta-like [Stylophora pistillata]","Peled et al., 2020","Porites_compressa_HIv1___RNAseq.g14731.t1"
"217","XP_022786582.1","synapsin-2-like isoform X2 [Stylophora pistillata]","Peled et al., 2020","Porites_compressa_HIv1___RNAseq.g16153.t1"
"218","XP_022786582.1","synapsin-2-like isoform X2 [Stylophora pistillata]","Peled et al., 2020","Porites_compressa_HIv1___RNAseq.g16159.t1"
"219","XP_022786918.1","major yolk protein-like isoform X2 [Stylophora pistillata]","Peled et al., 2020","Porites_compressa_HIv1___RNAseq.g11408.t1"
"220","XP_022788227.1","hephaestin-like protein [Stylophora pistillata]","Peled et al., 2020","Porites_compressa_HIv1___RNAseq.g30352.t1"
"221","XP_022788270.1","band 3 anion transport protein-like","Zoccola et al., 2015","Porites_compressa_HIv1___RNAseq.g31687.t1"
"222","XP_022788730.1","chymotrypsin-like elastase family member 1 [Stylophora pistillata]","Peled et al., 2020","Porites_compressa_HIv1___RNAseq.g4494.t1"
"223","XP_022789591.1","endothelin-converting enzyme 1-like isoform X2 [Stylophora pistillata]","Peled et al., 2020","Porites_compressa_HIv1___TS.g24135.t1"
"224","XP_022789932.1","MAGUK p55 subfamily member 7-like [Stylophora pistillata]","Peled et al., 2020","Porites_compressa_HIv1___RNAseq.g31513.t1"
"225","XP_022790441.1","PHD finger protein 21A-like [Stylophora pistillata]","Peled et al., 2020","Porites_compressa_HIv1___RNAseq.g36891.t1"
"226","XP_022791567.1","anion exchange protein 2-like","Zoccola et al., 2015","Porites_compressa_HIv1___RNAseq.g16997.t1"
"227","XP_022794122.1","galaxin-like isoform X2 [Stylophora pistillata]","Peled et al., 2020","Porites_compressa_HIv1___RNAseq.g34582.t1"
"228","XP_022794351.1","mammalian ependymin-related protein 1-like [Stylophora pistillata]","Peled et al., 2020","Porites_compressa_HIv1___RNAseq.g19960.t1"
"229","XP_022794736.1","MAM and LDL-receptor class A domain-containing protein 2-like [Stylophora pistillata]","Peled et al., 2020","Porites_compressa_HIv1___RNAseq.g13565.t1"
"230","XP_022794736.1","MAM and LDL-receptor class A domain-containing protein 2-like [Stylophora pistillata]","Peled et al., 2020","Porites_compressa_HIv1___RNAseq.g25717.t1"
"231","XP_022796981.1","uncharacterized skeletal organic matrix protein 8-like [Stylophora pistillata]","Peled et al., 2020","Porites_compressa_HIv1___RNAseq.g14213.t1"
"232","XP_022796982.1","uncharacterized protein LOC111335364 [Stylophora pistillata]","Peled et al., 2020","Porites_compressa_HIv1___RNAseq.g14213.t1"
"233","XP_022798902.1","low-density lipoprotein receptor-related protein 8-like [Stylophora pistillata]","Peled et al., 2020","Porites_compressa_HIv1___RNAseq.g5581.t1"
"234","XP_022799541.1","uncharacterized protein LOC111337489 [Stylophora pistillata]","Peled et al., 2020","Porites_compressa_HIv1___RNAseq.g4643.t1"
"235","XP_022800320.1","sulfate anion transporter 1-like isoform X1","Zoccola et al., 2015","Porites_compressa_HIv1___RNAseq.g27979.t1"
"236","XP_022800329.1","sulfate anion transporter 1-like isoform X2","Zoccola et al., 2015","Porites_compressa_HIv1___RNAseq.g27979.t1"
"237","XP_022800339.1","sulfate anion transporter 1-like isoform X1","Zoccola et al., 2015","Porites_compressa_HIv1___RNAseq.g27982.t1"
"238","XP_022800339.1","sulfate anion transporter 1-like isoform X1","Zoccola et al., 2015","Porites_compressa_HIv1___RNAseq.g27978.t1"
"239","XP_022801463.1","sodium bicarbonate cotransporter 3-like isoform X2","Zoccola et al., 2015","Porites_compressa_HIv1___RNAseq.g870.t2"
"240","XP_022803524.1","digestive cysteine proteinase 1-like [Stylophora pistillata]","Peled et al., 2020","Porites_compressa_HIv1___RNAseq.g10218.t1"
"241","XP_022804012.1","EGF and laminin G domain-containing protein-like [Stylophora pistillata]","Peled et al., 2020","Porites_compressa_HIv1___RNAseq.g24347.t1"
"242","XP_022804785.1","thioredoxin reductase 1, cytoplasmic-like [Stylophora pistillata]","Peled et al., 2020","Porites_compressa_HIv1___RNAseq.g3189.t1"
"243","XP_022805470.1","uncharacterized protein LOC111342641 [Stylophora pistillata]","Peled et al., 2020","Porites_compressa_HIv1___RNAseq.g661.t2"
"244","XP_022806326.1","ZP domain-containing protein-like [Stylophora pistillata]","Peled et al., 2020","Porites_compressa_HIv1___RNAseq.g24910.t1"
"245","XP_022806664.1","protein lingerer-like [Stylophora pistillata]","Peled et al., 2020","Porites_compressa_HIv1___RNAseq.g30996.t1"
"246","XP_022806928.1","SLIT-ROBO Rho GTPase-activating protein 1-like [Stylophora pistillata]","Peled et al., 2020","Porites_compressa_HIv1___RNAseq.g3221.t1"
"247","XP_022807143.1","condensin-2 complex subunit D3-like [Stylophora pistillata]","Peled et al., 2020","Porites_compressa_HIv1___RNAseq.g11533.t1"
"248","XP_022808163.1","uncharacterized protein LOC111345150 [Stylophora pistillata]","Peled et al., 2020","Porites_compressa_HIv1___RNAseq.g20907.t1"
"249","XP_022808576.1","uncharacterized protein LOC111345553 isoform X2 [Stylophora pistillata]","Peled et al., 2020","Porites_compressa_HIv1___RNAseq.g41266.t1"
"250","XP_022809269.1","microtubule-associated tumor suppressor 1 homolog isoform X1 [Stylophora pistillata]","Peled et al., 2020","Porites_compressa_HIv1___TS.g13331.t1"
"251","XP_022809270.1","microtubule-associated tumor suppressor 1 homolog isoform X2 [Stylophora pistillata]","Peled et al., 2020","Porites_compressa_HIv1___TS.g13331.t1"
