"","accessionnumber_gene_id","definition","ref","Pdam_gene","List"
"1","AAD11470.1","L-type calcium channel alpha-1 subunit","Zoccola et al., 1999","XP_027059956.1","Biomin_Genes"
"2","AAR13013.1","plasma membrane calcium ATPase [Stylophora pistillata]","Zoccola et al., 2004","XP_027053238.1","Biomin_Genes"
"3","AAR13013.1","plasma membrane calcium ATPase [Stylophora pistillata]","Zoccola et al., 2004","XP_027053239.1","Biomin_Genes"
"4","ACE95141.1","carbonic anhydrase [Stylophora pistillata]","Moya et al., 2008","XP_027050354.1","Biomin_Genes"
"5","AGE35225.2","CARP1 [Stylophora pistillata]","Mass et al., 2013","XP_027036582.1","Biomin_Genes"
"6","AGE35226.1","CARP3 [Stylophora pistillata]","Mass et al., 2013","XP_027059743.1","Biomin_Genes"
"7","AGE35226.1","CARP3 [Stylophora pistillata]","Mass et al., 2013","XP_027059750.1","Biomin_Genes"
"8","AGG36361.1","Annotated: Protoacadherin (PC4)","Drake et al., 2013","XP_027037453.1","Biomin_Genes"
"9","AJQ31790.1","solute carrier family 4 member gamma [Stylophora pistillata]","Zoccola et al., 2015","XP_027035733.1","Biomin_Genes"
"10","aug_v2a.00002.t1","EP-like 2","Takeuchi et al., 2016","XP_027037862.1","Biomin_Genes"
"11","aug_v2a.02830","polycystic kidney disease 1-related (PKD1-related) protein","Takeuchi et al., 2016","XP_027044397.1","Biomin_Genes"
"12","aug_v2a.02830.t1","polycystic kidney disease 1-related (PKD1-related) protein","Takeuchi et al., 2016","XP_027044397.1","Biomin_Genes"
"13","aug_v2a.05945.t1","TSP-1 and VWA domain-containing","Takeuchi et al., 2016","XP_027045544.1","Biomin_Genes"
"14","aug_v2a.06122.t1","EGF and laminin G domain-containing protein","Takeuchi et al., 2016","XP_027048278.1","Biomin_Genes"
"15","aug_v2a.06123.t1","EGF and laminin G domain-containing protein","Takeuchi et al., 2016","XP_027048278.1","Biomin_Genes"
"16","aug_v2a.06327.t1","SAARP3","Takeuchi et al., 2016","XP_027056624.1","Biomin_Genes"
"17","aug_v2a.06327.t1","SAARP3","Takeuchi et al., 2016","XP_027056612.1","Biomin_Genes"
"18","aug_v2a.07627.t1","Zona pellucida domain-containing protein","Takeuchi et al., 2016","XP_027041252.1","Biomin_Genes"
"19","aug_v2a.09809.t1","Mucin4-like protein","Takeuchi et al., 2016","XP_027055170.1","Biomin_Genes"
"20","aug_v2a.09968.t1","MAM and LDLr domain-containing protein","Takeuchi et al., 2016","XP_027054866.1","Biomin_Genes"
"21","aug_v2a.09969.t1","MAM and LDLr domain-containing protein","Takeuchi et al., 2016","XP_027054866.1","Biomin_Genes"
"22","aug_v2a.11068.t1","SAARP1","Takeuchi et al., 2016","XP_027057926.1","Biomin_Genes"
"23","aug_v2a.11068.t1","SAARP1","Takeuchi et al., 2016","XP_027057928.1","Biomin_Genes"
"24","aug_v2a.15064.t1","Cystein-rich","Takeuchi et al., 2016","XP_027060325.1","Biomin_Genes"
"25","aug_v2a.15065.t1","galaxin2","Takeuchi et al., 2016","XP_027059714.1","Biomin_Genes"
"26","aug_v2a.15580.t1","Laminin G domain-containing protein","Takeuchi et al., 2016","XP_027048278.1","Biomin_Genes"
"27","aug_v2a.18631.t1","galaxin","Takeuchi et al., 2016","XP_027059714.1","Biomin_Genes"
"28","aug_v2a.19518.t1","Protocadherin-like","Takeuchi et al., 2016","XP_027037453.1","Biomin_Genes"
"29","aug_v2a.22918.t1","EP-like1","Takeuchi et al., 2016","XP_027037862.1","Biomin_Genes"
"30","aug_v2a.24015.t1","Hephaestin-like protein","Takeuchi et al., 2016","XP_027056826.1","Biomin_Genes"
"31","aug_v2a.24512.t1","EGF and laminin G domain-containing protein","Takeuchi et al., 2016","XP_027048278.1","Biomin_Genes"
"32","EU532164.1","carbonic anhydrase 2","Bertucci et al., 2011","XP_027050354.1","Biomin_Genes"
"33","Gene:g29033.t1","Annotated: Carbonic Anhydrase (STPCA2-1)","Mummadisetti et al., 2021","XP_027050354.1","Biomin_Genes"
"34","Gene:g3745.t1","Annotated: CARP4","Mummadisetti et al., 2021","XP_027057926.1","Biomin_Genes"
"35","Gene:g3745.t1","Annotated: CARP4","Mummadisetti et al., 2021","XP_027057928.1","Biomin_Genes"
"36","Gene:10186","Annotated: Protocadherin (PC2)","Mummadisetti et al., 2021","XP_027037453.1","Biomin_Genes"
"37","Gene:g10186","Annotated: CARP4","Mummadisetti et al., 2021","XP_027057926.1","Biomin_Genes"
"38","Gene:g10186","Annotated: CARP4","Mummadisetti et al., 2021","XP_027057928.1","Biomin_Genes"
"39","Gene:g10187","Annotated: Protocadherin (PC3)","Mummadisetti et al., 2021","XP_027037453.1","Biomin_Genes"
"40","Gene:g10188","Annotated: Protocadherin (PC3)","Mummadisetti et al., 2021","XP_027037453.1","Biomin_Genes"
"41","Gene:g11190","Annotated: USOMP12","Mummadisetti et al., 2021","XP_027043919.1","Biomin_Genes"
"42","Gene:g13552","Acidic SOMP (Full-Length p27)","Mummadisetti et al., 2021","XP_027056624.1","Biomin_Genes"
"43","Gene:g14733","Annotated: CARP4","Mummadisetti et al., 2021","XP_027057926.1","Biomin_Genes"
"44","Gene:g14733","Annotated: CARP4","Mummadisetti et al., 2021","XP_027057928.1","Biomin_Genes"
"45","Gene:g1484","Annotated: CARP1","Mummadisetti et al., 2021","XP_027036582.1","Biomin_Genes"
"46","Gene:g15294.t1","Annotated: Vitellogenin","Mummadisetti et al., 2021","XP_027051036.1","Biomin_Genes"
"47","Gene:g15955","Annotated: MAM and LDL receptor-containing protein (MAM LDL-2)","Mummadisetti et al., 2021","XP_027054866.1","Biomin_Genes"
"48","Gene:g2115","Annotated: Cadherin","Mummadisetti et al., 2021","XP_027037453.1","Biomin_Genes"
"49","Gene:g2116","Annotated: Protocadherin (PC1)","Mummadisetti et al., 2021","XP_027037453.1","Biomin_Genes"
"50","Gene:g24177","Annotated: Protocadherin (PC5)","Mummadisetti et al., 2021","XP_027060431.1","Biomin_Genes"
"51","Gene:g24177","Annotated: Protocadherin (PC5)","Mummadisetti et al., 2021","XP_027060432.1","Biomin_Genes"
"52","Gene:g27814","Annotated: carbonic anhydrase (STPCA2-2)","Mummadisetti et al., 2021","XP_027055191.1","Biomin_Genes"
"53","Gene:g2829","Annotated: Thrombospondin-like protein (Thrombospondin)","Mummadisetti et al., 2021","XP_027045512.1","Biomin_Genes"
"54","Gene:g2829.t1","Annotated: Coadhesin","Mummadisetti et al., 2021","XP_027045512.1","Biomin_Genes"
"55","Gene:g29034.t1","Annotated: CarbonicAnhyrase","Mummadisetti et al., 2021","XP_027050354.1","Biomin_Genes"
"56","Gene:g30","Annotated: Protoacadherin (PC4)","Mummadisetti et al., 2021","XP_027037453.1","Biomin_Genes"
"57","Gene:g30385.t1","Annotated: USOMPS13","Mummadisetti et al., 2021","XP_027046976.1","Biomin_Genes"
"58","Gene:g34749","Annotated: EGF and LamininG-Like (EGF LamG2)","Mummadisetti et al., 2021","XP_027048278.1","Biomin_Genes"
"59","Gene:g38128","Annotated: α-Collagen","Mummadisetti et al., 2021","XP_027045544.1","Biomin_Genes"
"60","Gene:g39770","Annotated: Kielin-Like","Mummadisetti et al., 2021","XP_027035727.1","Biomin_Genes"
"61","Gene:g5735.t1","Annotated: Tolloid-Like","Mummadisetti et al., 2021","XP_027053432.1","Biomin_Genes"
"62","Gene:g7086","Annotated: EGF and LamininG-Like (EGF LamG1)","Mummadisetti et al., 2021","XP_027048278.1","Biomin_Genes"
"63","Gene:g907","Annotated: Zona Pellucida (ZP domain-containing)","Mummadisetti et al., 2021","XP_027041252.1","Biomin_Genes"
"64","Gene:g9094","Annotated: Actin","Mummadisetti et al., 2021","XP_027046468.1","Biomin_Genes"
"65","Gene:g9094","Annotated: Actin","Mummadisetti et al., 2021","XP_027049092.1","Biomin_Genes"
"66","Gene:g9094","Annotated: Actin","Mummadisetti et al., 2021","XP_027037807.1","Biomin_Genes"
"67","Gene:g9094","Annotated: Actin","Mummadisetti et al., 2021","XP_027046487.1","Biomin_Genes"
"68","Gene:g9094","Annotated: Actin","Mummadisetti et al., 2021","XP_027037818.1","Biomin_Genes"
"69","JN631095.1","Acropora millepora clone B26 hypothetical protein p251_4","Hayward et al., 2011","XP_027041252.1","Biomin_Genes"
"70","JR971508.1","Uncharacterized skeletal organic matrix protein-6 (USOMP6)","Ramos-Silva et al., 2013","XP_027049740.1","Biomin_Genes"
"71","JR972076.1","Acidic skeletal organic matrix protein (Acidic SOMP)","Ramos-Silva et al., 2013","XP_027056624.1","Biomin_Genes"
"72","JR972076.1","Acidic skeletal organic matrix protein (Acidic SOMP)","Ramos-Silva et al., 2013","XP_027056612.1","Biomin_Genes"
"73","JR973117.1","Uncharacterized skeletal organic matrix protein-5 (USOMP-5)","Ramos-Silva et al., 2013","XP_027037862.1","Biomin_Genes"
"74","JR976690.1","Galaxin 2","Ramos-Silva et al., 2013","XP_027059714.1","Biomin_Genes"
"75","JR980881.1","EGF and laminin G domain-containing protein","Ramos-Silva et al., 2013","XP_027048278.1","Biomin_Genes"
"76","JR982706.1","Uncharacterized skeletal organic matrix protein-2  (USOMP-2)","Ramos-Silva et al., 2013","XP_027060325.1","Biomin_Genes"
"77","JR991083.1","Collagen alpha-1 chain","Ramos-Silva et al., 2013","XP_027059036.1","Biomin_Genes"
"78","JR994474.1","MAM and LDL-receptor domain- containing protein 2","Ramos-Silva et al., 2013","XP_027054866.1","Biomin_Genes"
"79","JR997000.1","Uncharacterized skeletal organic matrix protein-3  (USOMP-3)","Ramos-Silva et al., 2013","XP_027052714.1","Biomin_Genes"
"80","JR997000.1","Uncharacterized skeletal organic matrix protein-3  (USOMP-3)","Ramos-Silva et al., 2013","XP_027052715.1","Biomin_Genes"
"81","JR998014.1","Putative carbonic anhydrase","Ramos-Silva et al., 2013","XP_027050353.1","Biomin_Genes"
"82","JR998260.1","Uncharacterized skeletal organic matrix protein-7 (USOMP7)","Ramos-Silva et al., 2013","XP_027037248.1","Biomin_Genes"
"83","JT001945.1","Skeletal acidic Asp-rich Protein 1 (SAARP 1)","Ramos-Silva et al., 2013","XP_027057926.1","Biomin_Genes"
"84","JT001945.1","Skeletal acidic Asp-rich Protein 1 (SAARP 1)","Ramos-Silva et al., 2013","XP_027057928.1","Biomin_Genes"
"85","JT011118.1","MAM and LDL-receptor domain- containing protein 1","Ramos-Silva et al., 2013","XP_027054866.1","Biomin_Genes"
"86","JT014391.1","Uncharacterized skeletal organic matrix protein-8 (USOMP-8)","Ramos-Silva et al., 2013","XP_027041952.1","Biomin_Genes"
"87","JT016638.1","Coadhesin","Ramos-Silva et al., 2013","XP_027045544.1","Biomin_Genes"
"88","MG182344.1","Acropora yongei Na+/Ca2+ exchanger","Barron et al., 2018","XP_027044421.1","Biomin_Genes"
"89","MG182345.1","Acropora yongei Na+/Ca2+ exchanger","Barron et al., 2018","XP_027047045.1","Biomin_Genes"
"90","P12_g2385","Stylophora pistillata hypothetical protein","Drake et al., 2013","XP_027041856.1","Biomin_Genes"
"91","P13_g6918","Sushi domain-containing","Drake et al., 2013","XP_027057452.1","Biomin_Genes"
"92","P14_g9951","clone g9951 alpha collagen-like protein gene","Drake et al., 2013","XP_027045512.1","Biomin_Genes"
"93","P15_g1532","CARP9","Drake et al., 2013","XP_027039294.1","Biomin_Genes"
"94","P15_g1532","CARP9","Drake et al., 2013","XP_027045512.1","Biomin_Genes"
"95","P16_g11702","Stylophora pistillata clone g11702 hypothetical protein gene","Drake et al., 2013","XP_027046976.1","Biomin_Genes"
"96","P18_g810","Stylophora pistillata clone g810 alpha collagen-like protein gene","Drake et al., 2013","XP_027045544.1","Biomin_Genes"
"97","P19_g20041","Contactin-associated protein","Drake et al., 2013","XP_027048278.1","Biomin_Genes"
"98","P2_g11187","CARP8","Drake et al., 2013","XP_027057929.1","Biomin_Genes"
"99","P20_g6066","MAM domain anchor protein","Drake et al., 2013","XP_027054866.1","Biomin_Genes"
"100","P21_g18277","Zona pellucida","Drake et al., 2013","XP_027041252.1","Biomin_Genes"
"101","P22_g19762","Stylophora pistillata clone g19762 hypothetical protein gene","Drake et al., 2013","XP_027056236.1","Biomin_Genes"
"102","P24_g15888","clone g15888 vitellogenin-like protein gene","Drake et al., 2013","XP_027051036.1","Biomin_Genes"
"103","P26_g1441","clone g1441 vitellogenin-like protein gene","Drake et al., 2013","XP_027043847.1","Biomin_Genes"
"104","P26_g1441","clone g1441 vitellogenin-like protein gene","Drake et al., 2013","XP_027059505.1","Biomin_Genes"
"105","P27_g18472","Integrin - alpha","Drake et al., 2013","XP_027056612.1","Biomin_Genes"
"106","P28_g11651","Late embryogenesis protein","Drake et al., 2013","XP_027049740.1","Biomin_Genes"
"107","P3_g12510","Thrombospondin","Drake et al., 2013","XP_027045512.1","Biomin_Genes"
"108","P31_g20420","Neurexin","Drake et al., 2013","XP_027048278.1","Biomin_Genes"
"109","P32_g5540","Kielin/chordin like","Drake et al., 2013","XP_027035727.1","Biomin_Genes"
"110","P33_g8985","Flagellar associated protein","Drake et al., 2013","XP_027051630.1","Biomin_Genes"
"111","P33_g8985","Flagellar associated protein","Drake et al., 2013","XP_027051631.1","Biomin_Genes"
"112","P33_g8985","Flagellar associated protein","Drake et al., 2013","XP_027051632.1","Biomin_Genes"
"113","P34_g1714","MAM/LDL receptor domain containing protein","Drake et al., 2013","XP_027054866.1","Biomin_Genes"
"114","P36_g13890","Zonadhesion-like precursor","Drake et al., 2013","XP_027054866.1","Biomin_Genes"
"115","P4_g9861","Viral inclusion protein","Drake et al., 2013","XP_027054883.1","Biomin_Genes"
"116","P5_g11674","Hemicentin","Drake et al., 2013","XP_027045512.1","Biomin_Genes"
"117","P8_g9654","Major yolk protein","Drake et al., 2013","XP_027052135.1","Biomin_Genes"
"118","P9_g10811;P1_g11108;P10_g11107","Protocadherin fat-like","Drake et al., 2013","XP_027037453.1","Biomin_Genes"
"119","PFX13778.1","Sacsin [Stylophora pistillata]","Peled et al., 2020","XP_027050473.1","Biomin_Genes"
"120","PFX13778.1","Sacsin [Stylophora pistillata]","Peled et al., 2020","XP_027050472.1","Biomin_Genes"
"121","PFX14205.1","Proto-oncogene tyrosine-protein kinase receptor Ret, partial [Stylophora pistillata]","Peled et al., 2020","XP_027038908.1","Biomin_Genes"
"122","PFX15740.1","Protein FAM208A [Stylophora pistillata]","Peled et al., 2020","XP_027035583.1","Biomin_Genes"
"123","PFX16398.1","hypothetical protein AWC38_SpisGene19330 [Stylophora pistillata]","Peled et al., 2020","XP_027045897.1","Biomin_Genes"
"124","PFX16398.1","hypothetical protein AWC38_SpisGene19330 [Stylophora pistillata]","Peled et al., 2020","XP_027045899.1","Biomin_Genes"
"125","PFX18785.1","Mucin-4 [Stylophora pistillata]","Peled et al., 2020","XP_027055170.1","Biomin_Genes"
"126","PFX26597.1","Complement C3 [Stylophora pistillata]","Peled et al., 2020","XP_027048067.1","Biomin_Genes"
"127","PFX30903.1","hypothetical protein AWC38_SpisGene4292 [Stylophora pistillata]","Peled et al., 2020","XP_027056624.1","Biomin_Genes"
"128","XP_022779720.1","vitellogenin-like [Stylophora pistillata]","Peled et al., 2020","XP_027051036.1","Biomin_Genes"
"129","XP_022780303.1","LOW QUALITY PROTEIN: uncharacterized protein LOC111321626 [Stylophora pistillata]","Peled et al., 2020","XP_027053268.1","Biomin_Genes"
"130","XP_022780303.1","LOW QUALITY PROTEIN: uncharacterized protein LOC111321626 [Stylophora pistillata]","Peled et al., 2020","XP_027053269.1","Biomin_Genes"
"131","XP_022780694.1","CUB and peptidase domain-containing protein 2-like [Stylophora pistillata]","Peled et al., 2020","XP_027039272.1","Biomin_Genes"
"132","XP_022781731.1","sodium-independent sulfate anion transporter-like 2C transcript variant X1","Zoccola et al., 2015","XP_027049442.1","Biomin_Genes"
"133","XP_022781731.1","sodium-independent sulfate anion transporter-like 2C transcript variant X1","Zoccola et al., 2015","XP_027049443.1","Biomin_Genes"
"134","XP_022782398.1","skeletal aspartic acid-rich protein 1-like (CARP4)","Peled et al., 2020","XP_027057926.1","Biomin_Genes"
"135","XP_022782398.1","skeletal aspartic acid-rich protein 1-like (CARP4)","Peled et al., 2020","XP_027057928.1","Biomin_Genes"
"136","XP_022783031.1","sodium bicarbonate transporter-like protein 11","Zoccola et al., 2015","XP_027054342.1","Biomin_Genes"
"137","XP_022783031.1","sodium bicarbonate transporter-like protein 11","Zoccola et al., 2015","XP_027054335.1","Biomin_Genes"
"138","XP_022783031.1","sodium bicarbonate transporter-like protein 11","Zoccola et al., 2015","XP_027054358.1","Biomin_Genes"
"139","XP_022783031.1","sodium bicarbonate transporter-like protein 11","Zoccola et al., 2015","XP_027054349.1","Biomin_Genes"
"140","XP_022783044.1","uncharacterized protein LOC111323869 [Stylophora pistillata]","Peled et al., 2020","XP_027041313.1","Biomin_Genes"
"141","XP_022783323.1","phosphopantothenoylcysteine decarboxylase subunit VHS3-like [Stylophora pistillata]","Peled et al., 2020","XP_027043919.1","Biomin_Genes"
"142","XP_022783415.1","coadhesin-like isoform X3 [Stylophora pistillata]","Peled et al., 2020","XP_027045512.1","Biomin_Genes"
"143","XP_022783952.1","collagenase 3-like [Stylophora pistillata]","Peled et al., 2020","XP_027051475.1","Biomin_Genes"
"144","XP_022784623.1","cation channel sperm-associated protein subunit beta-like [Stylophora pistillata]","Peled et al., 2020","XP_027046344.1","Biomin_Genes"
"145","XP_022786582.1","synapsin-2-like isoform X2 [Stylophora pistillata]","Peled et al., 2020","XP_027060654.1","Biomin_Genes"
"146","XP_022786582.1","synapsin-2-like isoform X2 [Stylophora pistillata]","Peled et al., 2020","XP_027060655.1","Biomin_Genes"
"147","XP_022786918.1","major yolk protein-like isoform X2 [Stylophora pistillata]","Peled et al., 2020","XP_027052135.1","Biomin_Genes"
"148","XP_022788227.1","hephaestin-like protein [Stylophora pistillata]","Peled et al., 2020","XP_027056826.1","Biomin_Genes"
"149","XP_022788270.1","band 3 anion transport protein-like","Zoccola et al., 2015","XP_027035732.1","Biomin_Genes"
"150","XP_022789591.1","endothelin-converting enzyme 1-like isoform X2 [Stylophora pistillata]","Peled et al., 2020","XP_027055496.1","Biomin_Genes"
"151","XP_022789932.1","MAGUK p55 subfamily member 7-like [Stylophora pistillata]","Peled et al., 2020","XP_027055743.1","Biomin_Genes"
"152","XP_022790441.1","PHD finger protein 21A-like [Stylophora pistillata]","Peled et al., 2020","XP_027045290.1","Biomin_Genes"
"153","XP_022791567.1","anion exchange protein 2-like","Zoccola et al., 2015","XP_027044458.1","Biomin_Genes"
"154","XP_022792212.1","ras-like protein 3 [Stylophora pistillata]","Peled et al., 2020","XP_027040484.1","Biomin_Genes"
"155","XP_022794122.1","galaxin-like isoform X2 [Stylophora pistillata]","Peled et al., 2020","XP_027059714.1","Biomin_Genes"
"156","XP_022794736.1","MAM and LDL-receptor class A domain-containing protein 2-like [Stylophora pistillata]","Peled et al., 2020","XP_027054866.1","Biomin_Genes"
"157","XP_022796981.1","uncharacterized skeletal organic matrix protein 8-like [Stylophora pistillata]","Peled et al., 2020","XP_027041856.1","Biomin_Genes"
"158","XP_022798902.1","low-density lipoprotein receptor-related protein 8-like [Stylophora pistillata]","Peled et al., 2020","XP_027048198.1","Biomin_Genes"
"159","XP_022799089.1","CUB domain-containing protein-like isoform X2 [Stylophora pistillata]","Peled et al., 2020","XP_027053433.1","Biomin_Genes"
"160","XP_022799541.1","uncharacterized protein LOC111337489 [Stylophora pistillata]","Peled et al., 2020","XP_027058960.1","Biomin_Genes"
"161","XP_022800320.1","sulfate anion transporter 1-like isoform X1","Zoccola et al., 2015","XP_027046675.1","Biomin_Genes"
"162","XP_022800329.1","sulfate anion transporter 1-like isoform X2","Zoccola et al., 2015","XP_027046675.1","Biomin_Genes"
"163","XP_022800339.1","sulfate anion transporter 1-like isoform X1","Zoccola et al., 2015","XP_027046676.1","Biomin_Genes"
"164","XP_022800339.1","sulfate anion transporter 1-like isoform X1","Zoccola et al., 2015","XP_027046680.1","Biomin_Genes"
"165","XP_022801463.1","sodium bicarbonate cotransporter 3-like isoform X2","Zoccola et al., 2015","XP_027043828.1","Biomin_Genes"
"166","XP_022803524.1","digestive cysteine proteinase 1-like [Stylophora pistillata]","Peled et al., 2020","XP_027040995.1","Biomin_Genes"
"167","XP_022803524.1","digestive cysteine proteinase 1-like [Stylophora pistillata]","Peled et al., 2020","XP_027040996.1","Biomin_Genes"
"168","XP_022804012.1","EGF and laminin G domain-containing protein-like [Stylophora pistillata]","Peled et al., 2020","XP_027048278.1","Biomin_Genes"
"169","XP_022805470.1","uncharacterized protein LOC111342641 [Stylophora pistillata]","Peled et al., 2020","XP_027053316.1","Biomin_Genes"
"170","XP_022806326.1","ZP domain-containing protein-like [Stylophora pistillata]","Peled et al., 2020","XP_027041252.1","Biomin_Genes"
"171","XP_022806664.1","protein lingerer-like [Stylophora pistillata]","Peled et al., 2020","XP_027037734.1","Biomin_Genes"
"172","XP_022806928.1","SLIT-ROBO Rho GTPase-activating protein 1-like [Stylophora pistillata]","Peled et al., 2020","XP_027035893.1","Biomin_Genes"
"173","XP_022807143.1","condensin-2 complex subunit D3-like [Stylophora pistillata]","Peled et al., 2020","XP_027044721.1","Biomin_Genes"
"174","XP_022808163.1","uncharacterized protein LOC111345150 [Stylophora pistillata]","Peled et al., 2020","XP_027046641.1","Biomin_Genes"
"175","XP_022809269.1","microtubule-associated tumor suppressor 1 homolog isoform X1 [Stylophora pistillata]","Peled et al., 2020","XP_027039235.1","Biomin_Genes"
"176","XP_022809270.1","microtubule-associated tumor suppressor 1 homolog isoform X2 [Stylophora pistillata]","Peled et al., 2020","XP_027039235.1","Biomin_Genes"
