"Gene Name, DuBuc et al 2018","Gene Name, Cole et al 2024",Protein annotation
SnailA,SnailA,oral marker DuBuc2018
FoxA,FoxA,oral marker DuBuc2018
Brachyury,Brachyury,oral marker DuBuc2018
WntA,WntA,oral marker DuBuc2018
Wnt1,Wnt1,oral marker DuBuc2018
Wnt3,Wnt3,oral marker DuBuc2018
Wnt4,Wnt4,oral marker DuBuc2018
Wnt2,Wnt2,oral marker DuBuc2018
Fgf2A,FGFa2,aboral marker DuBuc2018
Sfrp1/5,SFRP,aboral marker DuBuc2018
Dkk1/2/4,Dickkopf-like,aboral marker DuBuc2018
Six3/6,Six3/6,aboral marker DuBuc2018